Workbook

Sheet Sheet4
A1: product_merch_classification2 | B1: product_merch_classification3 | C1: product_category_level1 | D1: product_category_level2 | E1: product_category_level3 | F1: parent_product_part_number | G1: product_part_number | H1: product_name | I1: Code | J1: vendor_name | K1: vendor_purchaser_code | L1: Purchase MOQ | M1: Master Case Pack | N1: Case Pk CBM | O1: Final Buy Qty | P1: Vendor Earliest ETD
A2: Bowls & Feeders | B2: Storage & Accessories | C2: Dog | D2: Bowls & Feeders | E2: Storage & Accessories | F2: 242555 | G2: 215996 | H2: Frisco Silicone Pet Food Can Cover, 2 Pack | I2: P18545 | J2: SUPER DESIGN MANUFACTURE CO ., LTD ZHUHAI | K2: MWILSON | L2: 528 | M2: 48 | N2: 0.0106 | O2: 11568 | P2: ASAP
A3: Beds & Furniture | B3: Furniture | C3: Cat | D3: Beds, Crates & Gear | E3: Furniture | F3: 155161 | G3: 128075 | H3: Frisco 33-in Heavy Duty Sisal Cat Scratching Post, Cream | I3: 3755 | J3: HANGZHOU TIANYUAN PET PRODUCTS CO., LTD. | K3: JADESCHACK | L3: 100 | M3: 1 | N3: 0.0409605 | O3: 10252 | P3: ASAP
A4: Technology | B4: Consumables & Accessories | C4: Dog | D4: Bowls & Feeders | E4: Filters | F4: 396587 | G4: 370373 | H4: Filter Foam Replacement Filter for Drinkwell Lotus, Avalon, Pagoda, Sedona & 360 Stainless Steel Dog & Cat Water Fountains, 2 count | I4: 3722 | J4: JIANG SU ZHONG HENG PET ARTICLES JOINT-STOCK CO. | K4: KNGO1 | L4: 1080 | M4: 120 | N4: 0.083420437 | O4: 4920 | P4: ASAP
A5: Beds & Furniture | B5: Furniture | C5: Cat | D5: Beds, Crates & Gear | E5: Furniture | F5: 155161 | G5: 128079 | H5: Frisco 33-in Heavy Duty Sisal Cat Scratching Post, Brown | I5: 3755 | J5: HANGZHOU TIANYUAN PET PRODUCTS CO., LTD. | K5: JADESCHACK | L5: 100 | M5: 1 | N5: 0.0409605 | O5: 4159 | P5: ASAP
A6: Leashes, Collars & Harnesses | B6: Harnesses | C6: Dog | D6: Leashes & Collars | E6: Harnesses | F6: 304271 | G6: 277874 | H6: Frisco Basic No Pull Harness, Black/Gray, LG | I6: P000544 | J6: SHANGHAI SENFUL CO LTD | K6: JADESCHACK | L6: 560 | M6: 80 | N6: 0.057612505 | O6: 560 | P6: ASAP
A7: Beds & Furniture | B7: Furniture | C7: Cat | D7: Beds, Crates & Gear | E7: Furniture | F7: 155161 | G7: 163749 | H7: Frisco 33-in Heavy Duty Sisal Cat Scratching Post, Gray | I7: 3755 | J7: HANGZHOU TIANYUAN PET PRODUCTS CO., LTD. | K7: JADESCHACK | L7: 100 | M7: 1 | N7: 0.0409605 | O7: 3991 | P7: ASAP
A8: Beds & Furniture | B8: Beds | C8: Cat | D8: Beds, Crates & Gear | E8: Beds | F8: 171680 | G8: 144826 | H8: Frisco Sherpa Reversible Cat Mat, Light Gray Basket Weave Print | I8: B000064 | J8: PM&J LLC - DIRECT IMPORT | K8: JADESCHACK | L8: 288 | M8: 72 | N8: 0.50540491 | O8: 3888 | P8: ASAP
A9: Leashes, Collars & Harnesses | B9: Harnesses | C9: Dog | D9: Leashes & Collars | E9: Harnesses | F9: 304271 | G9: 277879 | H9: Frisco Basic No Pull Harness, Navy/Blue, LG | I9: P000544 | J9: SHANGHAI SENFUL CO LTD | K9: JADESCHACK | L9: 560 | M9: 80 | N9: 0.057612505 | O9: 560 | P9: ASAP
A10: Waste Management | B10: Poop Bags | C10: Dog | D10: Waste Management | E10: Poop Bags | F10: 336123 | G10: 309822 | H10: Frisco Dog Poop Bag Solid Assortment in Teal Blue, Violet, Gray, & Coral, 270 count | I10: 3722 | J10: JIANG SU ZHONG HENG PET ARTICLES JOINT-STOCK CO. | K10: KNGO1 | L10: 504 | M10: 24 | N10: 0.0406848 | O10: 1536 | P10: ASAP
A11: Litter Accessories | B11: Mats | C11: Cat | D11: Litter & Accessories | E11: Mats | F11: 193000 | G11: 166298 | H11: Frisco Rectangular Cat Litter Mat, Grey, Large | I11: 3722 | J11: JIANG SU ZHONG HENG PET ARTICLES JOINT-STOCK CO. | K11: KNGO1 | L11: 3000 | M11: 24 | N11: 0.098571 | O11: 3000 | P11: ASAP
A12: Waste Management | B12: Potty Pads & Diapers | C12: Dog | D12: Waste Management | E12: Potty Pads & Diapers | F12: 117279 | G12: 227482 | H12: Frisco Large Premium Dog Training & Potty Pads, 22 x 23-in, Unscented, 20 count | I12: 3722 | J12: JIANG SU ZHONG HENG PET ARTICLES JOINT-STOCK CO. | K12: KNGO1 | L12: 252 | M12: 12 | N12: 0.067363 | O12: 828 | P12: ASAP
A13: Bowls & Feeders | B13: Bowls & Diners | C13: Dog | D13: Bowls & Feeders | E13: Bowls & Diners | F13: 242575 | G13: 216017 | H13: Frisco Marble Print Stainless Steel Double Elevated Dog Bowl, Black Stand, Medium: 3 cup | I13: P18545 | J13: SUPER DESIGN MANUFACTURE CO ., LTD ZHUHAI | K13: MWILSON | L13: 500 | M13: 4 | N13: 0.09752688 | O13: 2400 | P13: ASAP
A14: Beds & Furniture | B14: Beds | C14: Cat | D14: Beds, Crates & Gear | E14: Beds | F14: 192019 | G14: 299466 | H14: Frisco Self-Warming Bolster Kitten Bed, Cream | I14: B000064 | J14: PM&J LLC - DIRECT IMPORT | K14: JADESCHACK | L14: 288 | M14: 48 | N14: 0.24402237 | O14: 2304 | P14: ASAP
A15: Leashes, Collars & Harnesses | B15: Leashes | C15: Dog | D15: Leashes & Collars | E15: Tie Outs | F15: 1016294 | G15: 1016302 | H15: Frisco Dog Tie-Out Stake | I15: 3722 | J15: JIANG SU ZHONG HENG PET ARTICLES JOINT-STOCK CO. | K15: KNGO1 | L15: 204 | M15: 6 | N15: 0.038325 | O15: 204 | P15: ASAP
A16: Leashes, Collars & Harnesses | B16: Collars | C16: Dog | D16: Leashes & Collars | E16: Collars | F16: 317910 | G16: 291560 | H16: Frisco Comfort Padded Dog Collar, Soft Beige Pink, X-Small | I16: B000064 | J16: PM&J LLC - DIRECT IMPORT | K16: JADESCHACK | L16: 500 | M16: 50 | N16: 0.004186 | O16: 500 | P16: ASAP
A17: Leashes, Collars & Harnesses | B17: Leashes | C17: Dog | D17: Leashes & Collars | E17: Tie Outs | F17: 193164 | G17: 166464 | H17: Frisco Easy Grip Spiral Stake, 18-in | I17: 3722 | J17: JIANG SU ZHONG HENG PET ARTICLES JOINT-STOCK CO. | K17: KNGO1 | L17: 204 | M17: 6 | N17: 0.00891 | O17: 708 | P17: ASAP
A18: Leashes, Collars & Harnesses | B18: Leashes | C18: Dog | D18: Leashes & Collars | E18: Tie Outs | F18: 193147 | G18: 166446 | H18: Frisco Easy Grip Stake with Tie Out Cable, Large, 15-ft | I18: 3722 | J18: JIANG SU ZHONG HENG PET ARTICLES JOINT-STOCK CO. | K18: KNGO1 | L18: 204 | M18: 6 | N18: 0.016038 | O18: 204 | P18: ASAP
A19: Leashes, Collars & Harnesses | B19: Leashes | C19: Dog | D19: Leashes & Collars | E19: Tie Outs | F19: 193147 | G19: 166447 | H19: Frisco Easy Grip Stake with Tie Out Cable, Large, 30-ft | I19: 3722 | J19: JIANG SU ZHONG HENG PET ARTICLES JOINT-STOCK CO. | K19: KNGO1 | L19: 204 | M19: 6 | N19: 0.0191565 | O19: 204 | P19: ASAP
A20: Bowls & Feeders | B20: Bowls & Diners | C20: Dog | D20: Bowls & Feeders | E20: Bowls & Diners | F20: 186593 | G20: 159867 | H20: Frisco Stainless Steel Bowl, 7 cup | I20: P000579 | J20: GO FETCH, LLC | K20: MWILSON | L20: 216 | M20: 1 | N20: 0.015928226 | O20: 1809 | P20: ASAP
A21: Bowls & Feeders | B21: Storage & Accessories | C21: Dog | D21: Bowls & Feeders | E21: Placemats | F21: 242552 | G21: 215993 | H21: Frisco Silicone Dog & Cat Food Mat, Gray, Medium | I21: P18545 | J21: SUPER DESIGN MANUFACTURE CO ., LTD ZHUHAI | K21: MWILSON | L21: 504 | M21: 36 | N21: 0.03340575 | O21: 1764 | P21: ASAP
A22: Beauty & Grooming | B22: Brushes & Combs | C22: Dog | D22: Grooming | E22: Brushes & Combs | F22: 233490 | G22: 206893 | H22: Frisco Deshedding Cat & Dog Brush, Medium, Medium to Long Hair | I22: P18360 | J22: PETENGREAT CO LTD | K22: JADESCHACK | L22: 720 | M22: 72 | N22: 0.033454204 | O22: 1656 | P22: ASAP
A23: Beds & Furniture | B23: Furniture | C23: Cat | D23: Beds, Crates & Gear | E23: Furniture | F23: 167085 | G23: 140149 | H23: Frisco 21-in Sisal Cat Scratching Post with Toy, Cream, 1 count | I23: 7701 | J23: TIANJIN QINGQUAN PET PRODUCTS CO. LTD | K23: JADESCHACK | L23: 100 | M23: 1 | N23: 0.009900155 | O23: 1639 | P23: ASAP
A24: Waste Management | B24: Poop Bags | C24: Dog | D24: Waste Management | E24: Poop Bags | F24: 162702 | G24: 135730 | H24: Frisco Refill Dog Poop Bags, Unscented, 900 count | I24: 3722 | J24: JIANG SU ZHONG HENG PET ARTICLES JOINT-STOCK CO. | K24: KNGO1 | L24: 500 | M24: 10 | N24: 0.05194 | O24: 500 | P24: ASAP
A25: Beds & Furniture | B25: Beds | C25: Dog | D25: Beds, Crates & Gear | E25: Beds | F25: 126783 | G25: 112088 | H25: Frisco Replacement Cover for Steel-Framed Elevated Dog Bed, Gray, M: 35.7-in L x 26.3-in W, 1 count | I25: 3722 | J25: JIANG SU ZHONG HENG PET ARTICLES JOINT-STOCK CO. | K25: KNGO1 | L25: 264 | M25: 24 | N25: 0.034398 | O25: 264 | P25: ASAP
A26: Beauty & Grooming | B26: Brushes & Combs | C26: Dog | D26: Grooming | E26: Brushes & Combs | F26: 233469 | G26: 206869 | H26: Frisco Soft Bristle Slicker Dog Brush, Small | I26: P18360 | J26: PETENGREAT CO LTD | K26: JADESCHACK | L26: 720 | M26: 72 | N26: 0.046959675 | O26: 1512 | P26: ASAP
A27: Leashes, Collars & Harnesses | B27: Leashes | C27: Dog | D27: Leashes & Collars | E27: Tie Outs | F27: 193136 | G27: 166437 | H27: Frisco Tie Out Cable, 15-ft | I27: 3722 | J27: JIANG SU ZHONG HENG PET ARTICLES JOINT-STOCK CO. | K27: KNGO1 | L27: 200 | M27: 5 | N27: 0.004698 | O27: 200 | P27: ASAP
A28: Leashes, Collars & Harnesses | B28: Collars | C28: Dog | D28: Leashes & Collars | E28: Collars | F28: 317910 | G28: 291572 | H28: Frisco Comfort Padded Dog Collar, True Navy, Large | I28: B000064 | J28: PM&J LLC - DIRECT IMPORT | K28: JADESCHACK | L28: 500 | M28: 50 | N28: 0.010166 | O28: 500 | P28: ASAP
A29: Leashes, Collars & Harnesses | B29: Leashes | C29: Dog | D29: Leashes & Collars | E29: Tie Outs | F29: 193136 | G29: 166438 | H29: Frisco Tie Out Cable, 20-ft | I29: 3722 | J29: JIANG SU ZHONG HENG PET ARTICLES JOINT-STOCK CO. | K29: KNGO1 | L29: 200 | M29: 5 | N29: 0.0066785 | O29: 200 | P29: ASAP
A30: Beds & Furniture | B30: Beds | C30: Cat | D30: Beds, Crates & Gear | E30: Beds | F30: 171680 | G30: 210253 | H30: Frisco Sherpa Reversible Cat Mat, Navy Herringbone | I30: B000064 | J30: PM&J LLC - DIRECT IMPORT | K30: JADESCHACK | L30: 288 | M30: 72 | N30: 0.50540491 | O30: 1440 | P30: ASAP
A31: Bowls & Feeders | B31: Storage & Accessories | C31: Dog | D31: Bowls & Feeders | E31: Storage & Accessories | F31: 258577 | G31: 232070 | H31: Frisco Melamine Dog & Cat Food Scoop with Bamboo Handle, 1 cup | I31: P18545 | J31: SUPER DESIGN MANUFACTURE CO ., LTD ZHUHAI | K31: MWILSON | L31: 504 | M31: 36 | N31: 0.05895981 | O31: 1404 | P31: ASAP
A32: Leashes, Collars & Harnesses | B32: Leashes | C32: Dog | D32: Leashes & Collars | E32: Tie Outs | F32: 193136 | G32: 166439 | H32: Frisco Tie Out Cable, 30-ft | I32: 3722 | J32: JIANG SU ZHONG HENG PET ARTICLES JOINT-STOCK CO. | K32: KNGO1 | L32: 200 | M32: 5 | N32: 0.0084942 | O32: 490 | P32: ASAP
A33: Leashes, Collars & Harnesses | B33: Leashes | C33: Dog | D33: Leashes & Collars | E33: Tie Outs | F33: 193136 | G33: 984598 | H33: Frisco Tie Out Cable, 40-ft | I33: 3722 | J33: JIANG SU ZHONG HENG PET ARTICLES JOINT-STOCK CO. | K33: KNGO1 | L33: 200 | M33: 4 | N33: 0.01204125 | O33: 704 | P33: ASAP
A34: Leashes, Collars & Harnesses | B34: Leashes | C34: Dog | D34: Leashes & Collars | E34: Tie Outs | F34: 193131 | G34: 166429 | H34: Frisco Tie Out Cable, Large, 15-ft | I34: 3722 | J34: JIANG SU ZHONG HENG PET ARTICLES JOINT-STOCK CO. | K34: KNGO1 | L34: 200 | M34: 8 | N34: 0.005301 | O34: 200 | P34: ASAP
A35: Leashes, Collars & Harnesses | B35: Harnesses | C35: Dog | D35: Leashes & Collars | E35: Harnesses | F35: 317889 | G35: 291545 | H35: Frisco Comfort Padded Dog Harness, Jet Black, Large | I35: B000064 | J35: PM&J LLC - DIRECT IMPORT | K35: JADESCHACK | L35: 504 | M35: 24 | N35: 0.03393 | O35: 504 | P35: ASAP
A36: Leashes, Collars & Harnesses | B36: Harnesses | C36: Dog | D36: Leashes & Collars | E36: Harnesses | F36: 317889 | G36: 291537 | H36: Frisco Comfort Padded Dog Harness, Malachite Green, Small | I36: B000064 | J36: PM&J LLC - DIRECT IMPORT | K36: JADESCHACK | L36: 480 | M36: 48 | N36: 0.042957 | O36: 480 | P36: ASAP
A37: Leashes, Collars & Harnesses | B37: Leashes | C37: Dog | D37: Leashes & Collars | E37: Leashes | F37: 317931 | G37: 291580 | H37: Frisco Comfort Padded Dog Leash, Faded Rose, Small | I37: B000064 | J37: PM&J LLC - DIRECT IMPORT | K37: JADESCHACK | L37: 500 | M37: 50 | N37: 0.012274 | O37: 500 | P37: ASAP
A38: Bowls & Feeders | B38: Bowls & Diners | C38: Dog | D38: Bowls & Feeders | E38: Bowls & Diners | F38: 258583 | G38: 232076 | H38: Frisco Square Melamine Dog & Cat Bowl Set with Bamboo Stand, Small: 2 cup | I38: P18545 | J38: SUPER DESIGN MANUFACTURE CO ., LTD ZHUHAI | K38: MWILSON | L38: 504 | M38: 6 | N38: 0.04142166 | O38: 1026 | P38: ASAP
A39: Leashes, Collars & Harnesses | B39: Leashes | C39: Dog | D39: Leashes & Collars | E39: Leashes | F39: 317931 | G39: 291579 | H39: Frisco Comfort Padded Dog Leash, Malachite Green, Small | I39: B000064 | J39: PM&J LLC - DIRECT IMPORT | K39: JADESCHACK | L39: 500 | M39: 50 | N39: 0.01227406 | O39: 500 | P39: ASAP
A40: Leashes, Collars & Harnesses | B40: Leashes | C40: Dog | D40: Leashes & Collars | E40: Leashes | F40: 317931 | G40: 291586 | H40: Frisco Comfort Padded Dog Leash, Soft Beige Pink, Medium | I40: B000064 | J40: PM&J LLC - DIRECT IMPORT | K40: JADESCHACK | L40: 500 | M40: 50 | N40: 0.01755 | O40: 500 | P40: ASAP
A41: Leashes, Collars & Harnesses | B41: Leashes | C41: Dog | D41: Leashes & Collars | E41: Leashes | F41: 317931 | G41: 291588 | H41: Frisco Comfort Padded Dog Leash, True Navy, Large | I41: B000064 | J41: PM&J LLC - DIRECT IMPORT | K41: JADESCHACK | L41: 500 | M41: 50 | N41: 0.01998 | O41: 500 | P41: ASAP
A42: Leashes, Collars & Harnesses | B42: Leashes | C42: Dog | D42: Leashes & Collars | E42: Tie Outs | F42: 193131 | G42: 166431 | H42: Frisco Tie Out Cable, Large, 30-ft | I42: 3722 | J42: JIANG SU ZHONG HENG PET ARTICLES JOINT-STOCK CO. | K42: KNGO1 | L42: 204 | M42: 6 | N42: 0.006137 | O42: 366 | P42: ASAP
A43: Beds & Furniture | B43: Beds | C43: Dog | D43: Beds, Crates & Gear | E43: Beds | F43: 191898 | G43: 232172 | H43: Frisco Quilted Orthopedic Pillow Lounger Cat & Dog Bed with Removable Cover, Gray, Medium | I43: B000064 | J43: PM&J LLC - DIRECT IMPORT | K43: JADESCHACK | L43: 248 | M43: 8 | N43: 0.200928 | O43: 984 | P43: ASAP
A44: Beds & Furniture | B44: Furniture | C44: Cat | D44: Beds, Crates & Gear | E44: Furniture | F44: 323035 | G44: 296690 | H44: Frisco Sunflower Cat Scratching Post, Single Post | I44: P19403 | J44: SHANDONG DONGYANGTAI HANDICRAFTS CO.,LTD | K44: JADESCHACK | L44: 50 | M44: 1 | N44: 0.029106 | O44: 980 | P44: ASAP
A45: Litter Accessories | B45: Mats | C45: Cat | D45: Litter & Accessories | E45: Mats | F45: 193000 | G45: 166299 | H45: Frisco Rectangular Cat Litter Mat, Grey, X-Large | I45: B3722 | J45: JIANG SU ZHONG HENG PET ARTICLES JOINT-STOCK CO. | K45: KNGO1 | L45: 1800 | M45: 12 | N45: 0.082368 | O45: 3000 | P45: ASAP
A46: Beauty & Grooming | B46: Brushes & Combs | C46: Dog | D46: Grooming | E46: Brushes & Combs | F46: 233457 | G46: 206857 | H46: Frisco Cat & Dog Combo Brush, Mini | I46: P18360 | J46: PETENGREAT CO LTD | K46: JADESCHACK | L46: 720 | M46: 72 | N46: 0.047622158 | O46: 936 | P46: ASAP
A47: Containment & Gear | B47: Containment | C47: Dog | D47: Beds, Crates & Gear | E47: Pens | F47: 125042 | G47: 97487 | H47: Frisco Dog & Small Pet Wire Exercise Pen with Step-Through Door, Black, 48-in | I47: P000398 | J47: TANGSHAN KANGBEI PET PRODUCTS CO. LTD | K47: JADESCHACK | L47: 350 | M47: 1 | N47: 0.057134622 | O47: 350 | P47: ASAP
A48: Leashes, Collars & Harnesses | B48: Leashes | C48: Dog | D48: Leashes & Collars | E48: Leashes | F48: 317931 | G48: 291578 | H48: Frisco Comfort Padded Dog Leash, True Navy, Small | I48: B000064 | J48: PM&J LLC - DIRECT IMPORT | K48: JADESCHACK | L48: 500 | M48: 50 | N48: 0.012274 | O48: 500 | P48: ASAP
A49: Waste Management | B49: Potty Pads & Diapers | C49: Dog | D49: Waste Management | E49: Potty Pads & Diapers | F49: 117276 | G49: 173772 | H49: Frisco Giant Premium Dog Training & Potty Pads, 27.5 x 44-in, Unscented, 100 count | I49: P000486 | J49: TIANJIN YIYI HYGIENE PRODUCTS CO. LTD | K49: KNGO1 | L49: 800 | M49: 1 | N49: 0.066123785 | O49: 1173 | P49: ASAP
A50: Beds & Furniture | B50: Furniture | C50: Cat | D50: Beds, Crates & Gear | E50: Furniture | F50: 132545 | G50: 211408 | H50: Frisco 20-in Faux Fur Cat Tree, Cheetah | I50: 3755 | J50: HANGZHOU TIANYUAN PET PRODUCTS CO., LTD. | K50: JADESCHACK | L50: 100 | M50: 1 | N50: 0.02467125 | O50: 865 | P50: ASAP
A51: Waste Management | B51: Potty Pads & Diapers | C51: Dog | D51: Waste Management | E51: Potty Pads & Diapers | F51: 176632 | G51: 149818 | H51: Frisco Medium Dog Training & Potty Pads, 21 x 21-in, Floral Scented, 100 count | I51: P000486 | J51: TIANJIN YIYI HYGIENE PRODUCTS CO. LTD | K51: KNGO1 | L51: 800 | M51: 4 | N51: 0.064160009 | O51: 1812 | P51: ASAP
A52: Waste Management | B52: Potty Pads & Diapers | C52: Dog | D52: Waste Management | E52: Potty Pads & Diapers | F52: 117276 | G52: 89558 | H52: Frisco Giant Premium Dog Training & Potty Pads, 27.5 x 44-in, Unscented, 30 count | I52: P000486 | J52: TIANJIN YIYI HYGIENE PRODUCTS CO. LTD | K52: KNGO1 | L52: 800 | M52: 4 | N52: 0.081059377 | O52: 800 | P52: ASAP
A53: Waste Management | B53: Potty Pads & Diapers | C53: Dog | D53: Waste Management | E53: Potty Pads & Diapers | F53: 117276 | G53: 191973 | H53: Frisco Giant Premium Dog Training & Potty Pads, 27.5 x 44-in, Scented, 50 count | I53: P000486 | J53: TIANJIN YIYI HYGIENE PRODUCTS CO. LTD | K53: KNGO1 | L53: 800 | M53: 1 | N53: 0.034454419 | O53: 946 | P53: ASAP
A54: Waste Management | B54: Potty Pads & Diapers | C54: Dog | D54: Waste Management | E54: Potty Pads & Diapers | F54: 117276 | G54: 152699 | H54: Frisco Giant Premium Dog Training & Potty Pads, 27.5 x 44-in, Unscented, 50 count | I54: P000486 | J54: TIANJIN YIYI HYGIENE PRODUCTS CO. LTD | K54: KNGO1 | L54: 800 | M54: 1 | N54: 0.03445453 | O54: 800 | P54: ASAP
A55: Waste Management | B55: Potty Pads & Diapers | C55: Dog | D55: Waste Management | E55: Potty Pads & Diapers | F55: 176623 | G55: 173773 | H55: Frisco Male Dog Wraps, Medium: 17 to 22-in waist, 50 count | I55: P000486 | J55: TIANJIN YIYI HYGIENE PRODUCTS CO. LTD | K55: KNGO1 | L55: 300 | M55: 4 | N55: 0.048506148 | O55: 600 | P55: ASAP
A56: Waste Management | B56: Potty Pads & Diapers | C56: Dog | D56: Waste Management | E56: Potty Pads & Diapers | F56: 206849 | G56: 173778 | H56: Frisco Medium Dog Training & Potty Pads, 21 x 21-in, Unscented, 100 count | I56: P000486 | J56: TIANJIN YIYI HYGIENE PRODUCTS CO. LTD | K56: KNGO1 | L56: 800 | M56: 4 | N56: 0.059441431 | O56: 800 | P56: ASAP
A57: Waste Management | B57: Potty Pads & Diapers | C57: Dog | D57: Waste Management | E57: Potty Pads & Diapers | F57: 253972 | G57: 227456 | H57: Frisco Large Charcoal Dog Training & Potty Pads, 22 x 23-in, Unscented, 50 count | I57: P000486 | J57: TIANJIN YIYI HYGIENE PRODUCTS CO. LTD | K57: KNGO1 | L57: 800 | M57: 4 | N57: 0.056161698 | O57: 800 | P57: ASAP
A58: Waste Management | B58: Potty Pads & Diapers | C58: Dog | D58: Waste Management | E58: Potty Pads & Diapers | F58: 253975 | G58: 227460 | H58: Frisco X-Large Charcoal Dog Training & Potty Pads, 28 x 34-in, Unscented, 40 count | I58: P000486 | J58: TIANJIN YIYI HYGIENE PRODUCTS CO. LTD | K58: KNGO1 | L58: 800 | M58: 1 | N58: 0.026218918 | O58: 800 | P58: ASAP
A59: Waste Management | B59: Potty Pads & Diapers | C59: Dog | D59: Waste Management | E59: Potty Pads & Diapers | F59: 253978 | G59: 227462 | H59: Frisco Giant Charcoal Dog Training & Potty Pads, 27.5 x 44-in, Unscented, 50 count | I59: P000486 | J59: TIANJIN YIYI HYGIENE PRODUCTS CO. LTD | K59: KNGO1 | L59: 800 | M59: 1 | N59: 0.034453042 | O59: 800 | P59: ASAP
A60: Waste Management | B60: Potty Pads & Diapers | C60: Dog | D60: Waste Management | E60: Potty Pads & Diapers | F60: 253960 | G60: 309794 | H60: Frisco Giant Eco-Conscious Dog Training & Potty Pads, 27.5 x 44-in, Unscented, 100 count | I60: P000486 | J60: TIANJIN YIYI HYGIENE PRODUCTS CO. LTD | K60: KNGO1 | L60: 800 | M60: 1 | N60: 0.061276853 | O60: 800 | P60: ASAP
A61: Waste Management | B61: Potty Pads & Diapers | C61: Dog | D61: Waste Management | E61: Potty Pads & Diapers | F61: 253975 | G61: 227459 | H61: Frisco X-Large Charcoal Dog Training & Potty Pads, 28 x 34-in, Unscented, 75 count | I61: P000486 | J61: TIANJIN YIYI HYGIENE PRODUCTS CO. LTD | K61: KNGO1 | L61: 750 | M61: 1 | N61: 0.042505285 | O61: 750 | P61: ASAP
A62: Containment & Gear | B62: Containment | C62: Dog | D62: Beds, Crates & Gear | E62: Crate Mats | F62: 171699 | G62: 144850 | H62: Frisco Dog Crate Mat, Dark Gray, 54-in | I62: B000064 | J62: PM&J LLC - DIRECT IMPORT | K62: JADESCHACK | L62: 252 | M62: 12 | N62: 0.6736128 | O62: 252 | P62: ASAP
A63: Beds & Furniture | B63: Furniture | C63: Cat | D63: Beds, Crates & Gear | E63: Furniture | F63: 952918 | G63: 952926 | H63: Frisco Lucky Bamboo 35.5" Cat Scratching Posts with Toys | I63: 3755 | J63: HANGZHOU TIANYUAN PET PRODUCTS CO., LTD. | K63: JADESCHACK | L63: 100 | M63: 1 | N63: 0.036665875 | O63: 773 | P63: ASAP
A64: Containment & Gear | B64: Containment | C64: Dog | D64: Beds, Crates & Gear | E64: Crate Mats | F64: 282478 | G64: 256024 | H64: Frisco Cooling Orthopedic Dog Crate Mat, 54-in | I64: B000064 | J64: PM&J LLC - DIRECT IMPORT | K64: JADESCHACK | L64: 256 | M64: 8 | N64: 0.767312 | O64: 256 | P64: ASAP
A65: Leashes, Collars & Harnesses | B65: Collars | C65: Dog | D65: Leashes & Collars | E65: Collars | F65: 323415 | G65: 287513 | H65: Frisco Fashion Dog Collar, SM - Neck: 10-14-in, Width: 5/8-in, Tropical Floral | I65: B000064 | J65: PM&J LLC - DIRECT IMPORT | K65: JADESCHACK | L65: 500 | M65: 50 | N65: 0.0048300235 | O65: 500 | P65: ASAP
A66: Waste Management | B66: Potty Pads & Diapers | C66: Dog | D66: Waste Management | E66: Potty Pads & Diapers | F66: 176617 | G66: 173776 | H66: Frisco Disposable Female Dog Diapers, Small, 50 count | I66: P000486 | J66: TIANJIN YIYI HYGIENE PRODUCTS CO. LTD | K66: KNGO1 | L66: 300 | M66: 6 | N66: 0.054317405 | O66: 738 | P66: ASAP
A67: Beds & Furniture | B67: Furniture | C67: Cat | D67: Beds, Crates & Gear | E67: Furniture | F67: 399654 | G67: 373443 | H67: Frisco Cushioned Wall Mounted Cat Wall Shelf | I67: 3755 | J67: HANGZHOU TIANYUAN PET PRODUCTS CO., LTD. | K67: JADESCHACK | L67: 100 | M67: 1 | N67: 0.013616176 | O67: 747 | P67: ASAP
A68: Beds & Furniture | B68: Beds | C68: Dog | D68: Beds, Crates & Gear | E68: Beds | F68: 140594 | G68: 113289 | H68: Frisco Faux Suede Donut Cuddler Dog Bed, Brown, Medium | I68: B000064 | J68: PM&J LLC - DIRECT IMPORT | K68: JADESCHACK | L68: 256 | M68: 8 | N68: 0.2957524 | O68: 744 | P68: ASAP
A69: Waste Management | B69: Potty Pads & Diapers | C69: Dog | D69: Waste Management | E69: Potty Pads & Diapers | F69: 176617 | G69: 149803 | H69: Frisco Disposable Female Dog Diapers, X-Small, 12 count | I69: P000486 | J69: TIANJIN YIYI HYGIENE PRODUCTS CO. LTD | K69: KNGO1 | L69: 312 | M69: 24 | N69: 0.043862274 | O69: 528 | P69: ASAP
A70: Containment & Gear | B70: Containment | C70: Dog | D70: Beds, Crates & Gear | E70: Pens | F70: 125042 | G70: 97485 | H70: Frisco Dog & Small Pet Wire Exercise Pen with Step-Through Door, Black, 36-in | I70: P000398 | J70: TANGSHAN KANGBEI PET PRODUCTS CO. LTD | K70: JADESCHACK | L70: 500 | M70: 1 | N70: 0.044297503 | O70: 500 | P70: ASAP
A71: Leashes, Collars & Harnesses | B71: Collars | C71: Dog | D71: Leashes & Collars | E71: Collars | F71: 357668 | G71: 331414 | H71: Frisco Hands-Free Running Martingale Dog Collar | I71: B000064 | J71: PM&J LLC - DIRECT IMPORT | K71: JADESCHACK | L71: 480 | M71: 48 | N71: 0.00405 | O71: 480 | P71: ASAP
A72: Bowls & Feeders | B72: Storage & Accessories | C72: Dog | D72: Bowls & Feeders | E72: Placemats | F72: 389614 | G72: 363400 | H72: Frisco Silicone Dog & Cat Food Mat, Blue, Medium | I72: P18545 | J72: SUPER DESIGN MANUFACTURE CO ., LTD ZHUHAI | K72: MWILSON | L72: 504 | M72: 36 | N72: 0.03340575 | O72: 720 | P72: ASAP
A73: Leashes, Collars & Harnesses | B73: Collars | C73: Cat | D73: Leashes & Collars | E73: Collars | F73: 179922 | G73: 153147 | H73: Frisco Nylon Breakaway Cat Collar with Bell, Black, 8 to 12-in neck, 3/8-in wide | I73: B000035 | J73: COASTAL PET PRODUCTS, INC. - PRIVATE LABEL CHINA | K73: MWILSON | L73: 48 | M73: 48 | N73: 0.0033825522 | O73: 144 | P73: ASAP
A74: Leashes, Collars & Harnesses | B74: Collars | C74: Cat | D74: Leashes & Collars | E74: Collars | F74: 179922 | G74: 153148 | H74: Frisco Nylon Breakaway Cat Collar with Bell, Blue, 8 to 12-in neck, 3/8-in wide | I74: B000035 | J74: COASTAL PET PRODUCTS, INC. - PRIVATE LABEL CHINA | K74: MWILSON | L74: 48 | M74: 48 | N74: 0.0033825522 | O74: 384 | P74: ASAP
A75: Bowls & Feeders | B75: Bowls & Diners | C75: Dog | D75: Bowls & Feeders | E75: Bowls & Diners | F75: 258598 | G75: 232091 | H75: Frisco Stainless Steel Double Dog Bowls with Melamine Stand, Small: 1.5 cup | I75: P18545 | J75: SUPER DESIGN MANUFACTURE CO ., LTD ZHUHAI | K75: MWILSON | L75: 504 | M75: 12 | N75: 0.057715 | O75: 684 | P75: ASAP
A76: Containment & Gear | B76: Containment | C76: Dog | D76: Beds, Crates & Gear | E76: Carriers | F76: 171849 | G76: 144996 | H76: Frisco Premium Travel Bag Dog & Cat Carrier, Black, Large | I76: P000544 | J76: SHANGHAI SENFUL CO LTD | K76: JADESCHACK | L76: 300 | M76: 10 | N76: 0.098175 | O76: 300 | P76: ASAP
A77: Beds & Furniture | B77: Beds | C77: Dog | D77: Beds, Crates & Gear | E77: Beds | F77: 140608 | G77: 113294 | H77: Frisco Faux Suede Pillow Dog Bed with Removable Cover, Khaki Green, X-Large | I77: B000064 | J77: PM&J LLC - DIRECT IMPORT | K77: JADESCHACK | L77: 252 | M77: 4 | N77: 0.33600327 | O77: 644 | P77: ASAP
A78: Beds & Furniture | B78: Furniture | C78: Cat | D78: Beds, Crates & Gear | E78: Furniture | F78: 263033 | G78: 236541 | H78: Frisco 55-in Faux Fur Cat Tree & Condo, Gray | I78: P19403 | J78: SHANDONG DONGYANGTAI HANDICRAFTS CO.,LTD | K78: JADESCHACK | L78: 50 | M78: 1 | N78: 0.08673 | O78: 636 | P78: ASAP
A79: Containment & Gear | B79: Containment | C79: Dog | D79: Beds, Crates & Gear | E79: Crate Mats | F79: 282478 | G79: 256019 | H79: Frisco Cooling Orthopedic Dog Crate Mat, 24-in | I79: B000064 | J79: PM&J LLC - DIRECT IMPORT | K79: JADESCHACK | L79: 252 | M79: 36 | N79: 0.4644 | O79: 252 | P79: ASAP
... A99: Containment & Gear | B99: Gear | C99: Dog | D99: Beds, Crates & Gear | E99: Car Accessories | F99: 372317 | G99: 346084 | H99: Frisco Travel Safety Dog & Cat Carrier, Large | I99: P000544 | J99: SHANGHAI SENFUL CO LTD | K99: JADESCHACK | L99: 304 | M99: 8 | N99: 0.12825 | O99: 304 | P99: ASAP
A100: Containment & Gear | B100: Containment | C100: Dog | D100: Beds, Crates & Gear | E100: Crate Accessories | F100: 137860 | G100: 110496 | H100: Frisco Dog Crate Replacement Pan for Heavy Duty Crate, 23.25 -in L x 17. 25-in W | I100: 5223 | J100: Mundosteel International Enterprises Ltd | K100: JADESCHACK | L100: 50 | M100: 1 | N100: 0.014421748 | O100: 50 | P100: ASAP
A101: Beds & Furniture | B101: Beds | C101: Dog | D101: Beds, Crates & Gear | E101: Beds | F101: 816654 | G101: 816694 | H101: Frisco Plush Cat & Dog Throw Blanket, Star Party, 60-in | I101: 3755 | J101: HANGZHOU TIANYUAN PET PRODUCTS CO., LTD. | K101: JADESCHACK | L101: 504 | M101: 18 | N101: 0.071787506 | O101: 504 | P101: ASAP
A102: Leashes, Collars & Harnesses | B102: Harnesses | C102: Dog | D102: Leashes & Collars | E102: Harnesses | F102: 166940 | G102: 140027 | H102: Frisco Padded No Pull Dog Harness, Black, M- Girth 22 to 34-in | I102: B000035 | J102: COASTAL PET PRODUCTS, INC. - PRIVATE LABEL CHINA | K102: MWILSON | L102: 36 | M102: 36 | N102: 0.02236323 | O102: 108 | P102: ASAP
A103: Bowls & Feeders | B103: Bowls & Diners | C103: Dog | D103: Bowls & Feeders | E103: Bowls & Diners | F103: 242547 | G103: 215990 | H103: Frisco Double Stainless Steel Pet Bowl with Silicone Mat, Gray, Small: 1.5 cup | I103: P18545 | J103: SUPER DESIGN MANUFACTURE CO ., LTD ZHUHAI | K103: MWILSON | L103: 504 | M103: 18 | N103: 0.047329 | O103: 504 | P103: ASAP
A104: Bowls & Feeders | B104: Bowls & Diners | C104: Dog | D104: Bowls & Feeders | E104: Bowls & Diners | F104: 242545 | G104: 215986 | H104: Frisco Double Stainless Steel Pet Bowl with Silicone Mat, Light Gray, Small: 1.5 cup | I104: P18545 | J104: SUPER DESIGN MANUFACTURE CO ., LTD ZHUHAI | K104: MWILSON | L104: 504 | M104: 18 | N104: 0.0336285 | O104: 504 | P104: ASAP
A105: Bowls & Feeders | B105: Bowls & Diners | C105: Dog | D105: Bowls & Feeders | E105: Bowls & Diners | F105: 242547 | G105: 215991 | H105: Frisco Double Stainless Steel Pet Bowl with Silicone Mat, Teal, Small: 1.5 cup | I105: P18545 | J105: SUPER DESIGN MANUFACTURE CO ., LTD ZHUHAI | K105: MWILSON | L105: 504 | M105: 18 | N105: 0.047329 | O105: 504 | P105: ASAP
A106: Bowls & Feeders | B106: Bowls & Diners | C106: Dog | D106: Bowls & Feeders | E106: Bowls & Diners | F106: 258598 | G106: 232092 | H106: Frisco Stainless Steel Double Dog Bowls with Melamine Stand, Medium: 3 cup | I106: P18545 | J106: SUPER DESIGN MANUFACTURE CO ., LTD ZHUHAI | K106: MWILSON | L106: 504 | M106: 12 | N106: 0.103309 | O106: 504 | P106: ASAP
A107: Bowls & Feeders | B107: Bowls & Diners | C107: Dog | D107: Bowls & Feeders | E107: Bowls & Diners | F107: 258569 | G107: 232062 | H107: Frisco Travel Collapsible Silicone Dog & Cat Bowl, Gray, Small: 1.5 cup | I107: P18545 | J107: SUPER DESIGN MANUFACTURE CO ., LTD ZHUHAI | K107: MWILSON | L107: 504 | M107: 36 | N107: 0.036440625 | O107: 504 | P107: ASAP
A108: Bowls & Feeders | B108: Bowls & Diners | C108: Dog | D108: Bowls & Feeders | E108: Bowls & Diners | F108: 279518 | G108: 253055 | H108: Frisco Elevated Stainless Steel Dog & Cat Bowl with Metal Stand, Small: 1.5 cup, 1 count | I108: P18545 | J108: SUPER DESIGN MANUFACTURE CO ., LTD ZHUHAI | K108: MWILSON | L108: 504 | M108: 24 | N108: 0.0882246 | O108: 504 | P108: ASAP
A109: Bowls & Feeders | B109: Bowls & Diners | C109: Dog | D109: Bowls & Feeders | E109: Bowls & Diners | F109: 389604 | G109: 363388 | H109: Frisco Slanted Non-Skid Elevated Bamboo Melamine Bowl with Bamboo Stand, 3 cup | I109: P18545 | J109: SUPER DESIGN MANUFACTURE CO ., LTD ZHUHAI | K109: MWILSON | L109: 504 | M109: 12 | N109: 0.080464174 | O109: 504 | P109: ASAP
A110: Bowls & Feeders | B110: Storage & Accessories | C110: Dog | D110: Bowls & Feeders | E110: Placemats | F110: 389614 | G110: 363399 | H110: Frisco Silicone Dog & Cat Food Mat, Blue, Large | I110: P18545 | J110: SUPER DESIGN MANUFACTURE CO ., LTD ZHUHAI | K110: MWILSON | L110: 504 | M110: 12 | N110: 0.021582 | O110: 504 | P110: ASAP
A111: Bowls & Feeders | B111: Bowls & Diners | C111: Dog | D111: Bowls & Feeders | E111: Bowls & Diners | F111: 389604 | G111: 363387 | H111: Frisco Slanted Non-Skid Elevated Bamboo Melamine Bowl with Bamboo Stand, 6 cup | I111: P18545 | J111: SUPER DESIGN MANUFACTURE CO ., LTD ZHUHAI | K111: MWILSON | L111: 504 | M111: 8 | N111: 0.088666768 | O111: 504 | P111: ASAP
A112: Containment & Gear | B112: Containment | C112: Dog | D112: Beds, Crates & Gear | E112: Crate Mats | F112: 131725 | G112: 104249 | H112: Frisco Micro Terry Dog Crate Mat, Taupe, 42-in | I112: B000064 | J112: PM&J LLC - DIRECT IMPORT | K112: JADESCHACK | L112: 252 | M112: 12 | N112: 0.283824 | O112: 252 | P112: ASAP
A113: Containment & Gear | B113: Containment | C113: Dog | D113: Beds, Crates & Gear | E113: Crate Accessories | F113: 137860 | G113: 110498 | H113: Frisco Dog Crate Replacement Pan for Heavy Duty Crate, 35-in L x 23.25-in W | I113: 5223 | J113: Mundosteel International Enterprises Ltd | K113: JADESCHACK | L113: 50 | M113: 1 | N113: 0.031203893 | O113: 50 | P113: ASAP
A114: Containment & Gear | B114: Containment | C114: Cat | D114: Beds, Crates & Gear | E114: Furniture | F114: 387234 | G114: 361012 | H114: Frisco Outdoor Wooden Cat House with Balcony & Step Ladder, Brown | I114: P20745 | J114: XIAMEN SUNNYPET PRODUCT CO LTD | K114: JADESCHACK | L114: 100 | M114: 1 | N114: 0.097284 | O114: 100 | P114: ASAP
A115: Containment & Gear | B115: Gear | C115: Dog | D115: Beds, Crates & Gear | E115: Car Accessories | F115: 372317 | G115: 346083 | H115: Frisco Travel Safety Dog & Cat Carrier, Medium | I115: P000544 | J115: SHANGHAI SENFUL CO LTD | K115: JADESCHACK | L115: 300 | M115: 10 | N115: 0.10431 | O115: 300 | P115: ASAP
A116: Containment & Gear | B116: Containment | C116: Dog | D116: Beds, Crates & Gear | E116: Crate Mats | F116: 325746 | G116: 299415 | H116: Frisco Durable Crate Mat, Black, 35-in | I116: B000064 | J116: PM&J LLC - DIRECT IMPORT | K116: JADESCHACK | L116: 252 | M116: 12 | N116: 0.357357 | O116: 252 | P116: ASAP
A117: Containment & Gear | B117: Containment | C117: Dog | D117: Beds, Crates & Gear | E117: Crate Accessories | F117: 315978 | G117: 289631 | H117: Frisco Faux Linen Dog Crate Cover, Light Brown, 42in | I117: B000064 | J117: PM&J LLC - DIRECT IMPORT | K117: JADESCHACK | L117: 252 | M117: 12 | N117: 0.05148 | O117: 252 | P117: ASAP
A118: Containment & Gear | B118: Containment | C118: Dog | D118: Beds, Crates & Gear | E118: Crates | F118: 279497 | G118: 253026 | H118: Frisco Double Door Furniture Style Dog Crate, Black, Med/Large | I118: 5223 | J118: Mundosteel International Enterprises Ltd | K118: JADESCHACK | L118: 50 | M118: 1 | N118: 0.015959331 | O118: 50 | P118: ASAP
A119: Containment & Gear | B119: Containment | C119: Dog | D119: Beds, Crates & Gear | E119: Crate Mats | F119: 131725 | G119: 104246 | H119: Frisco Micro Terry Dog Crate Mat, Taupe, 24-in | I119: B000064 | J119: PM&J LLC - DIRECT IMPORT | K119: JADESCHACK | L119: 252 | M119: 36 | N119: 0.30132 | O119: 288 | P119: ASAP
...

Sheet Sheet2
A1: product_merch_classification2 | B1: parent_product_part_number | C1: product_part_number | D1: product_name | E1: Code | F1: vendor_name | G1: vendor_purchaser_code | H1: Purchase MOQ | I1: Master Case Pack | J1: Case Pk CBM | K1: Final Buy Qty | L1: Vendor Earliest ETD | M1: WAIT
A2: Toys | B2: 201482 | C2: 308868 | D2: Frisco Step-In Cat Scratcher Toy with Catnip, Constellations | E2: P27093 | F2: SPORTPET DESIGNS LLC - PL | G2: KNGO1 | H2: 1500 | I2: 4 | J2: 0.067100049 | K2: 18024 | L2: 45992 | M2: =COUNTIF(Sheet6!C:C,Sheet2!C2) -> 0
A3: Toys | B3: 187916 | C3: 161196 | D3: Frisco Fabric Teaser Wand Cat Toy, Neon Bubbles | E3: P20837 | F3: KIDS FIRST ASIA CO LTD | G3: KNGO1 | H3: 1224 | I3: 72 | J3: 0.020976748 | K3: 15120 | L3: 45992 | M3: =COUNTIF(Sheet6!C:C,Sheet2!C3) -> 0
A4: Bowls & Feeders | B4: 242555 | C4: 215996 | D4: Frisco Silicone Pet Food Can Cover, 2 Pack | E4: P18545 | F4: SUPER DESIGN MANUFACTURE CO ., LTD ZHUHAI | G4: MWILSON | H4: 528 | I4: 48 | J4: 0.0106 | K4: 33504 | L4: 45992 | M4: =COUNTIF(Sheet6!C:C,Sheet2!C4) -> 0
A5: Waste Management | B5: 206849 | C5: 173778 | D5: Frisco Medium Dog Training & Potty Pads, 21 x 21-in, Unscented, 100 count | E5: P000486 | F5: TIANJIN YIYI HYGIENE PRODUCTS CO. LTD | G5: KNGO1 | H5: 800 | I5: 4 | J5: 0.059441431 | K5: 3392 | L5: 45992 | M5: =COUNTIF(Sheet6!C:C,Sheet2!C5) -> 0
A6: Toys | B6: 201428 | C6: 174739 | D6: Frisco Giraffe Bobberz Plush Squeaky Dog Toy, Large/X-Large | E6: P20837 | F6: KIDS FIRST ASIA CO LTD | G6: KNGO1 | H6: 1200 | I6: 24 | J6: 0.086946394 | K6: 5664 | L6: 45992 | M6: =COUNTIF(Sheet6!C:C,Sheet2!C6) -> 0
A7: Toys | B7: 201430 | C7: 174741 | D7: Frisco Llama Bobberz Plush Squeaky Dog Toy, Large/X-Large | E7: P20837 | F7: KIDS FIRST ASIA CO LTD | G7: KNGO1 | H7: 1200 | I7: 24 | J7: 0.086946394 | K7: 5352 | L7: 45992 | M7: =COUNTIF(Sheet6!C:C,Sheet2!C7) -> 0
A8: Toys | B8: 179577 | C8: 152801 | D8: Frisco Fetch Squeaky TPR Ball Dog Toy, Orange, Large, 1 count | E8: P20837 | F8: KIDS FIRST ASIA CO LTD | G8: KNGO1 | H8: 2016 | I8: 36 | J8: 0.034200886 | K8: 4788 | L8: 45992 | M8: =COUNTIF(Sheet6!C:C,Sheet2!C8) -> 0
A9: Beds & Furniture | B9: 126783 | C9: 99232 | D9: Frisco Replacement Cover for Steel-Framed Elevated Dog Bed, Brown, L: 43.7-in L x 32.4-in W, 1 count | E9: B3722 | F9: CAMBODIA JIANG SU ZHONG HENG PET ARTICLES JOINT-STOCK CO., | G9: KNGO1 | H9: 264 | I9: 24 | J9: 0.04941 | K9: 1776 | L9: 45992 | M9: =COUNTIF(Sheet6!C:C,Sheet2!C9) -> 0
A10: Toys | B10: 1073542 | C10: 1073550 | D10: Frisco Axolotl Variety Pack Cat Toy with Catnip, 4 count | E10: P20837 | F10: KIDS FIRST ASIA CO LTD | G10: KNGO1 | H10: 1224 | I10: 72 | J10: 0.059402983 | K10: 4464 | L10: 45992 | M10: =COUNTIF(Sheet6!C:C,Sheet2!C10) -> 0
A11: Waste Management | B11: 176632 | C11: 149818 | D11: Frisco Medium Dog Training & Potty Pads, 21 x 21-in, Floral Scented, 100 count | E11: P000486 | F11: TIANJIN YIYI HYGIENE PRODUCTS CO. LTD | G11: KNGO1 | H11: 800 | I11: 4 | J11: 0.064160009 | K11: 9484 | L11: 45992 | M11: =COUNTIF(Sheet6!C:C,Sheet2!C11) -> 0
A12: Beds & Furniture | B12: 126779 | C12: 99230 | D12: Frisco Steel-Framed Elevated Dog Bed, Brown, Large | E12: 3722 | F12: CAMBODIA JIANG SU ZHONG HENG PET ARTICLES JOINT-STOCK CO., | G12: KNGO1 | H12: 250 | I12: 5 | J12: 0.0636771 | K12: 3695 | L12: 45992 | M12: =COUNTIF(Sheet6!C:C,Sheet2!C12) -> 0
A13: Toys | B13: 179597 | C13: 233612 | D13: Frisco Bunny Bungee Plush Squeaky Dog Toy, Medium/Large | E13: P20837 | F13: KIDS FIRST ASIA CO LTD | G13: KNGO1 | H13: 1224 | I13: 36 | J13: 0.059401732 | K13: 1800 | L13: 45992 | M13: =COUNTIF(Sheet6!C:C,Sheet2!C13) -> 0
A14: Toys | B14: 201455 | C14: 174766 | D14: Frisco Trash Can & Raccoons Hide & Seek Puzzle Plush Squeaky Dog Toy Refills, Small/Medium, 3 count | E14: P20837 | F14: KIDS FIRST ASIA CO LTD | G14: KNGO1 | H14: 1200 | I14: 48 | J14: 0.059401636 | K14: 3984 | L14: 45992 | M14: =COUNTIF(Sheet6!C:C,Sheet2!C14) -> 0
A15: Toys | B15: 189547 | C15: 162836 | D15: Frisco Birthday Bear Plush Squeaky Dog Toy, Medium | E15: P20837 | F15: KIDS FIRST ASIA CO LTD | G15: KNGO1 | H15: 1224 | I15: 36 | J15: 0.071604928 | K15: 7056 | L15: 45992 | M15: =COUNTIF(Sheet6!C:C,Sheet2!C15) -> 0
A16: Toys | B16: 173847 | C16: 147013 | D16: Frisco Fox Plush Squeaky Dog Toy, Small/Medium | E16: P20837 | F16: KIDS FIRST ASIA CO LTD | G16: KNGO1 | H16: 1224 | I16: 36 | J16: 0.057601493 | K16: 3888 | L16: 45992 | M16: =COUNTIF(Sheet6!C:C,Sheet2!C16) -> 0
A17: Beds & Furniture | B17: 126779 | C17: 112076 | D17: Frisco Steel-Framed Elevated Dog Bed, Gray, Large | E17: B3722 | F17: CAMBODIA JIANG SU ZHONG HENG PET ARTICLES JOINT-STOCK CO., | G17: KNGO1 | H17: 250 | I17: 5 | J17: 0.0636771 | K17: 3155 | L17: 45992 | M17: =COUNTIF(Sheet6!C:C,Sheet2!C17) -> 0
A18: Waste Management | B18: 117279 | C18: 89561 | D18: Frisco Large Premium Dog Training & Potty Pads, 22 x 23-in, Unscented, 100 count | E18: 3722 | F18: JIANG SU ZHONG HENG PET ARTICLES JOINT-STOCK CO. | G18: KNGO1 | H18: 1500 | I18: 4 | J18: 0.102765 | K18: 5320 | L18: 45992 | M18: =COUNTIF(Sheet6!C:C,Sheet2!C18) -> 0
A19: Toys | B19: 919390 | C19: 919398 | D19: Frisco Peapod & Peas 2-in-1 Rip for Surprise Plush Squeaky Dog Toy, Small | E19: P20837 | F19: KIDS FIRST ASIA CO LTD | G19: KNGO1 | H19: 1200 | I19: 60 | J19: 0.049600804 | K19: 11100 | L19: 45992 | M19: =COUNTIF(Sheet6!C:C,Sheet2!C19) -> 0
A20: Waste Management | B20: 176623 | C20: 173773 | D20: Frisco Male Dog Wraps, Medium: 17 to 22-in waist, 50 count | E20: P000486 | F20: TIANJIN YIYI HYGIENE PRODUCTS CO. LTD | G20: KNGO1 | H20: 300 | I20: 4 | J20: 0.048506148 | K20: 300 | L20: 45992 | M20: =COUNTIF(Sheet6!C:C,Sheet2!C20) -> 0
A21: Waste Management | B21: 117279 | C21: 152569 | D21: Frisco Large Premium Dog Training & Potty Pads, 22 x 23-in, Unscented, 200 count | E21: 3722 | F21: JIANG SU ZHONG HENG PET ARTICLES JOINT-STOCK CO. | G21: KNGO1 | H21: 1500 | I21: 1 | J21: 0.048 | K21: 7323 | L21: 45992 | M21: =COUNTIF(Sheet6!C:C,Sheet2!C21) -> 0
A22: Toys | B22: 187919 | C22: 161200 | D22: Frisco Bird with Feathers Teaser Wand Cat Toy with Catnip, Purple | E22: 3755 | F22: HANGZHOU TIANYUAN PET PRODUCTS CO., LTD. | G22: MWILSON | H22: 1512 | I22: 168 | J22: 0.051768522 | K22: 3528 | L22: 45992 | M22: =COUNTIF(Sheet6!C:C,Sheet2!C22) -> 0
A23: Bowls & Feeders | B23: 231074 | C23: 204463 | D23: Frisco Saucer Cat Bowl, Gray, 1 cup, 1 count | E23: P000579 | F23: GO FETCH, LLC | G23: MWILSON | H23: 216 | I23: 1 | J23: 0.0068303331 | K23: 2424 | L23: 45992 | M23: =COUNTIF(Sheet6!C:C,Sheet2!C23) -> 0
A24: Toys | B24: 187916 | C24: 161197 | D24: Frisco Fabric Teaser Wand Cat Toy, Retro Circles | E24: P20837 | F24: KIDS FIRST ASIA CO LTD | G24: KNGO1 | H24: 1224 | I24: 72 | J24: 0.020976544 | K24: 3384 | L24: 45992 | M24: =COUNTIF(Sheet6!C:C,Sheet2!C24) -> 0
A25: Waste Management | B25: 117273 | C25: 191971 | D25: Frisco X-Large Premium Dog Training & Potty Pads, 28 x 34-in, Scented, 40 count | E25: 3722 | F25: JIANG SU ZHONG HENG PET ARTICLES JOINT-STOCK CO. | G25: KNGO1 | H25: 250 | I25: 1 | J25: 0.026881875 | K25: 4581 | L25: 45992 | M25: =COUNTIF(Sheet6!C:C,Sheet2!C25) -> 0
A26: Waste Management | B26: 253969 | C26: 227454 | D26: Frisco Giant Ultra Premium Non-Skid Dog Training & Potty Pads, 27.5 x 44-in, Unscented, 50 count | E26: 3722 | F26: JIANG SU ZHONG HENG PET ARTICLES JOINT-STOCK CO. | G26: KNGO1 | H26: 250 | I26: 1 | J26: 0.04491125 | K26: 4115 | L26: 45992 | M26: =COUNTIF(Sheet6!C:C,Sheet2!C26) -> 0
A27: Toys | B27: 173825 | C27: 146985 | D27: Frisco Monkey Plush Squeaky Dog Toy, Small/Medium | E27: P20837 | F27: KIDS FIRST ASIA CO LTD | G27: KNGO1 | H27: 1224 | I27: 36 | J27: 0.060161754 | K27: 3348 | L27: 45992 | M27: =COUNTIF(Sheet6!C:C,Sheet2!C27) -> 0
A28: Leashes, Collars & Harnesses | B28: 1016294 | C28: 1016302 | D28: Frisco Dog Tie-Out Stake | E28: B3722 | F28: JIANG SU ZHONG HENG PET ARTICLES JOINT-STOCK CO. | G28: KNGO1 | H28: 204 | I28: 6 | J28: 0.038325 | K28: 1284 | L28: 45992 | M28: =COUNTIF(Sheet6!C:C,Sheet2!C28) -> 0
A29: Litter Accessories | B29: 193012 | C29: 166310 | D29: Frisco Cat Metal Litter Scoop | E29: B3722 | F29: JIANG SU ZHONG HENG PET ARTICLES JOINT-STOCK CO. | G29: KNGO1 | H29: 960 | I29: 48 | J29: 0.05103 | K29: 960 | L29: 45992 | M29: =COUNTIF(Sheet6!C:C,Sheet2!C29) -> 0
A30: Waste Management | B30: 253966 | C30: 309796 | D30: Frisco X-Large Ultra Premium Non-Skid Dog Training & Potty Pads, 28 x 34-in, Unscented, 75 count | E30: 3722 | F30: JIANG SU ZHONG HENG PET ARTICLES JOINT-STOCK CO. | G30: KNGO1 | H30: 250 | I30: 1 | J30: 0.05535 | K30: 3718 | L30: 45992 | M30: =COUNTIF(Sheet6!C:C,Sheet2!C30) -> 0
A31: Toys | B31: 201426 | C31: 204559 | D31: Frisco Unicorn Stuffing-Free Flat Plush Squeaky Dog Toy, Purple, Medium/Large | E31: P20837 | F31: KIDS FIRST ASIA CO LTD | G31: KNGO1 | H31: 1224 | I31: 36 | J31: 0.039586539 | K31: 6660 | L31: 45992 | M31: =COUNTIF(Sheet6!C:C,Sheet2!C31) -> 0
A32: Litter Accessories | B32: 862878 | C32: 862886 | D32: Frisco Cat Litter Trapping Mat, Grey | E32: 3755 | F32: HANGZHOU TIANYUAN PET PRODUCTS CO., LTD. | G32: MWILSON | H32: 1176 | I32: 24 | J32: 0.23254596 | K32: 7608 | L32: 45992 | M32: =COUNTIF(Sheet6!C:C,Sheet2!C32) -> 0
A33: Waste Management | B33: 176623 | C33: 173774 | D33: Frisco Disposable Male Dog Wraps, Small, 30 count | E33: P000486 | F33: TIANJIN YIYI HYGIENE PRODUCTS CO. LTD | G33: KNGO1 | H33: 300 | I33: 6 | J33: 0.034409524 | K33: 804 | L33: 45992 | M33: =COUNTIF(Sheet6!C:C,Sheet2!C33) -> 0
A34: Leashes, Collars & Harnesses | B34: 193136 | C34: 984598 | D34: Frisco Tie Out Cable, 40-ft | E34: B3722 | F34: JIANG SU ZHONG HENG PET ARTICLES JOINT-STOCK CO. | G34: KNGO1 | H34: 200 | I34: 4 | J34: 0.01204125 | K34: 1004 | L34: 45992 | M34: =COUNTIF(Sheet6!C:C,Sheet2!C34) -> 0
A35: Toys | B35: 179623 | C35: 152846 | D35: Frisco Colorful Fetch Squeaky Tennis Ball Dog Toy, Medium, 3 count | E35: P20837 | F35: KIDS FIRST ASIA CO LTD | G35: KNGO1 | H35: 3024 | I35: 48 | J35: 0.045920074 | K35: 3120 | L35: 45992 | M35: =COUNTIF(Sheet6!C:C,Sheet2!C35) -> 0
A36: Toys | B36: 1329014 | C36: 1329022 | D36: Frisco Capybara Plush Squeaky Dog Toy, Small/Medium | E36: 3755 | F36: HANGZHOU TIANYUAN PET PRODUCTS CO., LTD. | G36: MWILSON | H36: 1536 | I36: 48 | J36: 0.038150039 | K36: 15312 | L36: 45992 | M36: =COUNTIF(Sheet6!C:C,Sheet2!C36) -> 0
A37: Toys | B37: 187914 | C37: 161194 | D37: Frisco Cardboard & Wire Teaser Cat Toy | E37: 3755 | F37: HANGZHOU TIANYUAN PET PRODUCTS CO., LTD. | G37: MWILSON | H37: 1536 | I37: 256 | J37: 0.055473115 | K37: 2048 | L37: 45992 | M37: =COUNTIF(Sheet6!C:C,Sheet2!C37) -> 0
A38: Waste Management | B38: 162702 | C38: 135717 | D38: Frisco Refill Dog Poop Bags, Scented, 270 count | E38: 3722 | F38: JIANG SU ZHONG HENG PET ARTICLES JOINT-STOCK CO. | G38: KNGO1 | H38: 504 | I38: 24 | J38: 0.04122625 | K38: 3552 | L38: 45992 | M38: =COUNTIF(Sheet6!C:C,Sheet2!C38) -> 0
A39: Toys | B39: 290861 | C39: 264424 | D39: Frisco Birthday Volcano & Dinosaurs Hide & Seek Puzzle Plush Squeaky Dog Toy, Small/Medium | E39: P20837 | F39: KIDS FIRST ASIA CO LTD | G39: KNGO1 | H39: 1200 | I39: 12 | J39: 0.10440304 | K39: 9060 | L39: 45992 | M39: =COUNTIF(Sheet6!C:C,Sheet2!C39) -> 0
A40: Waste Management | B40: 193036 | C40: 166334 | D40: Frisco Rake & Spade Set with Dustpan, Small | E40: B3722 | F40: JIANG SU ZHONG HENG PET ARTICLES JOINT-STOCK CO. | G40: KNGO1 | H40: 102 | I40: 6 | J40: 0.034621375 | K40: 546 | L40: 45992 | M40: =COUNTIF(Sheet6!C:C,Sheet2!C40) -> 0
A41: Waste Management | B41: 253957 | C41: 309793 | D41: Frisco X-Large Eco-Conscious Dog Training & Potty Pads, 28 x 34-in, Unscented, 75 count | E41: P000486 | F41: TIANJIN YIYI HYGIENE PRODUCTS CO. LTD | G41: KNGO1 | H41: 800 | I41: 1 | J41: 0.043737323 | K41: 4335 | L41: 45992 | M41: =COUNTIF(Sheet6!C:C,Sheet2!C41) -> 0
A42: Toys | B42: 167103 | C42: 140168 | D42: Frisco 47-in Foldable Crinkle Play Tunnel with 2 Windows | E42: 3755 | F42: HANGZHOU TIANYUAN PET PRODUCTS CO., LTD. | G42: MWILSON | H42: 1304 | I42: 8 | J42: 0.041987061 | K42: 4248 | L42: 45992 | M42: =COUNTIF(Sheet6!C:C,Sheet2!C42) -> 0
A43: Waste Management | B43: 117279 | C43: 191969 | D43: Frisco Large Premium Dog Training & Potty Pads, 22 x 23-in, Scented, 150 count | E43: 3722 | F43: JIANG SU ZHONG HENG PET ARTICLES JOINT-STOCK CO. | G43: KNGO1 | H43: 250 | I43: 1 | J43: 0.03555 | K43: 4169 | L43: 45992 | M43: =COUNTIF(Sheet6!C:C,Sheet2!C43) -> 0
A44: Waste Management | B44: 117273 | C44: 173771 | D44: Frisco X-Large Premium Dog Training & Potty Pads, 28 x 34-in, Unscented, 150 count | E44: 3722 | F44: JIANG SU ZHONG HENG PET ARTICLES JOINT-STOCK CO. | G44: KNGO1 | H44: 1500 | I44: 1 | J44: 0.0853875 | K44: 2844 | L44: 45992 | M44: =COUNTIF(Sheet6!C:C,Sheet2!C44) -> 0
A45: Waste Management | B45: 253966 | C45: 227451 | D45: Frisco X-Large Ultra Premium Non-Skid Dog Training & Potty Pads, 28 x 34-in, Unscented, 40 count | E45: 3722 | F45: JIANG SU ZHONG HENG PET ARTICLES JOINT-STOCK CO. | G45: KNGO1 | H45: 250 | I45: 1 | J45: 0.0329 | K45: 3570 | L45: 45992 | M45: =COUNTIF(Sheet6!C:C,Sheet2!C45) -> 0
A46: Toys | B46: 173820 | C46: 146980 | D46: Frisco Bear Plush Squeaky Dog Toy, Small/Medium | E46: P20837 | F46: KIDS FIRST ASIA CO LTD | G46: KNGO1 | H46: 1200 | I46: 60 | J46: 0.086946535 | K46: 6660 | L46: 45992 | M46: =COUNTIF(Sheet6!C:C,Sheet2!C46) -> 0
A47: Bowls & Feeders | B47: 186593 | C47: 159867 | D47: Frisco Stainless Steel Bowl, 7 cup | E47: P000579 | F47: GO FETCH, LLC | G47: MWILSON | H47: 216 | I47: 1 | J47: 0.015928226 | K47: 974 | L47: 45992 | M47: =COUNTIF(Sheet6!C:C,Sheet2!C47) -> 0
A48: Beds & Furniture | B48: 126779 | C48: 99228 | D48: Frisco Steel-Framed Elevated Dog Bed, Brown, Small | E48: B3722 | F48: CAMBODIA JIANG SU ZHONG HENG PET ARTICLES JOINT-STOCK CO., | G48: KNGO1 | H48: 252 | I48: 6 | J48: 0.04983345 | K48: 396 | L48: 45992 | M48: =COUNTIF(Sheet6!C:C,Sheet2!C48) -> 0
A49: Beds & Furniture | B49: 126779 | C49: 112071 | D49: Frisco Steel-Framed Elevated Dog Bed, Green, Medium | E49: B3722 | F49: CAMBODIA JIANG SU ZHONG HENG PET ARTICLES JOINT-STOCK CO., | G49: KNGO1 | H49: 252 | I49: 6 | J49: 0.05881245 | K49: 606 | L49: 45992 | M49: =COUNTIF(Sheet6!C:C,Sheet2!C49) -> 0
A50: Beds & Furniture | B50: 167085 | C50: 140149 | D50: Frisco 21-in Sisal Cat Scratching Post with Toy, Cream, 1 count | E50: 7701 | F50: TIANJIN QINGQUAN PET PRODUCTS CO. LTD | G50: MWILSON | H50: 100 | I50: 1 | J50: 0.009900155 | K50: 7484 | L50: 45992 | M50: =COUNTIF(Sheet6!C:C,Sheet2!C50) -> 0
A51: Toys | B51: 187919 | C51: 161199 | D51: Frisco Bird with Feathers Teaser Wand Cat Toy with Catnip, Blue | E51: 3755 | F51: HANGZHOU TIANYUAN PET PRODUCTS CO., LTD. | G51: MWILSON | H51: 1512 | I51: 168 | J51: 0.051768438 | K51: 16296 | L51: 45992 | M51: =COUNTIF(Sheet6!C:C,Sheet2!C51) -> 0
A52: Toys | B52: 1055166 | C52: 1055198 | D52: Frisco Beef Flavored Twist Bone Nylon Chew Dog Toy for Heavy Chewers, X-Large | E52: P26130 | F52: CAITEC INC - PL | G52: MWILSON | H52: 2520 | I52: 36 | J52: 0.054493182 | K52: 2520 | L52: 45992 | M52: =COUNTIF(Sheet6!C:C,Sheet2!C52) -> 0
A53: Leashes, Collars & Harnesses | B53: 193131 | C53: 166431 | D53: Frisco Tie Out Cable, Large, 30-ft | E53: B3722 | F53: JIANG SU ZHONG HENG PET ARTICLES JOINT-STOCK CO. | G53: KNGO1 | H53: 204 | I53: 6 | J53: 0.006137 | K53: 888 | L53: 45992 | M53: =COUNTIF(Sheet6!C:C,Sheet2!C53) -> 0
A54: Toys | B54: 201463 | C54: 174775 | D54: Frisco Latex Squeaky Puppy Toy, Blue, X-Small/Small | E54: 3755 | F54: HANGZHOU TIANYUAN PET PRODUCTS CO., LTD. | G54: MWILSON | H54: 1296 | I54: 144 | J54: 0.044172378 | K54: 2448 | L54: 45992 | M54: =COUNTIF(Sheet6!C:C,Sheet2!C54) -> 0
A55: Beds & Furniture | B55: 126779 | C55: 112074 | D55: Frisco Steel-Framed Elevated Dog Bed, Gray, Small | E55: B3722 | F55: CAMBODIA JIANG SU ZHONG HENG PET ARTICLES JOINT-STOCK CO., | G55: KNGO1 | H55: 252 | I55: 6 | J55: 0.04983345 | K55: 624 | L55: 45992 | M55: =COUNTIF(Sheet6!C:C,Sheet2!C55) -> 0
A56: Toys | B56: 204489 | C56: 177807 | D56: Frisco Birthday Balloon Plush with Rope Squeaky Dog Toy, Blue, Medium/Large | E56: P20837 | F56: KIDS FIRST ASIA CO LTD | G56: KNGO1 | H56: 1224 | I56: 36 | J56: 0.098281274 | K56: 2376 | L56: 45992 | M56: =COUNTIF(Sheet6!C:C,Sheet2!C56) -> 0
A57: Waste Management | B57: 162702 | C57: 135715 | D57: Frisco Refill Dog Poop Bags, Scented, 120 count | E57: 3722 | F57: JIANG SU ZHONG HENG PET ARTICLES JOINT-STOCK CO. | G57: KNGO1 | H57: 528 | I57: 48 | J57: 0.03492675 | K57: 3936 | L57: 45992 | M57: =COUNTIF(Sheet6!C:C,Sheet2!C57) -> 0
A58: Containment & Gear | B58: 277071 | C58: 250603 | D58: Frisco Steel 8-Panel Configurable Dog Gate and Playpen, 30-in, Black | E58: P18120 | F58: NINGBO KONY METAL PRODUCTS CO LTD | G58: MWILSON | H58: 100 | I58: 1 | J58: 0.12052706 | K58: 1222 | L58: 45992 | M58: =COUNTIF(Sheet6!C:C,Sheet2!C58) -> 0
A59: Waste Management | B59: 162702 | C59: 135730 | D59: Frisco Refill Dog Poop Bags, Unscented, 900 count | E59: 3722 | F59: JIANG SU ZHONG HENG PET ARTICLES JOINT-STOCK CO. | G59: KNGO1 | H59: 500 | I59: 10 | J59: 0.05194 | K59: 2280 | L59: 45992 | M59: =COUNTIF(Sheet6!C:C,Sheet2!C59) -> 0
A60: Bowls & Feeders | B60: 258577 | C60: 232070 | D60: Frisco Melamine Dog & Cat Food Scoop with Bamboo Handle, 1 cup | E60: P18545 | F60: SUPER DESIGN MANUFACTURE CO ., LTD ZHUHAI | G60: MWILSON | H60: 504 | I60: 36 | J60: 0.05895981 | K60: 6192 | L60: 45992 | M60: =COUNTIF(Sheet6!C:C,Sheet2!C60) -> 0
A61: Waste Management | B61: 117276 | C61: 191973 | D61: Frisco Giant Premium Dog Training & Potty Pads, 27.5 x 44-in, Scented, 50 count | E61: P000486 | F61: TIANJIN YIYI HYGIENE PRODUCTS CO. LTD | G61: KNGO1 | H61: 800 | I61: 1 | J61: 0.034454419 | K61: 4750 | L61: 45992 | M61: =COUNTIF(Sheet6!C:C,Sheet2!C61) -> 0
A62: Toys | B62: 201482 | C62: 347219 | D62: Frisco Step-In Cat Scratcher Toy with Catnip, Tropical Paradise | E62: P27093 | F62: SPORTPET DESIGNS LLC - PL | G62: KNGO1 | H62: 1500 | I62: 4 | J62: 0.067100049 | K62: 7116 | L62: 45992 | M62: =COUNTIF(Sheet6!C:C,Sheet2!C62) -> 0
A63: Bowls & Feeders | B63: 231080 | C63: 204467 | D63: Frisco Stainless Steel Taper Non-Skid Cat Bowl, X-Small: 0.5 cup, 1 count | E63: P000579 | F63: GO FETCH, LLC | G63: MWILSON | H63: 216 | I63: 1 | J63: 0.021825265 | K63: 3448 | L63: 45992 | M63: =COUNTIF(Sheet6!C:C,Sheet2!C63) -> 0
A64: Toys | B64: 292056 | C64: 265622 | D64: Frisco Wave Cat Scratcher Toy with Catnip, Moon & Stars | E64: P27093 | F64: SPORTPET DESIGNS LLC - PL | G64: KNGO1 | H64: 1504 | I64: 8 | J64: 0.061824 | K64: 2136 | L64: 45992 | M64: =COUNTIF(Sheet6!C:C,Sheet2!C64) -> 0
A65: Toys | B65: 193086 | C65: 837758 | D65: Frisco Foldable Play Tunnel with Mesh Cat Toy, Baltic Teal | E65: 3755 | F65: HANGZHOU TIANYUAN PET PRODUCTS CO., LTD. | G65: MWILSON | H65: 1536 | I65: 48 | J65: 0.053659461 | K65: 2112 | L65: 45992 | M65: =COUNTIF(Sheet6!C:C,Sheet2!C65) -> 0
A66: Waste Management | B66: 162710 | C66: 135724 | D66: Frisco Pantry Pack Dog Poop Bag, Unscented, 300 count | E66: 3722 | F66: JIANG SU ZHONG HENG PET ARTICLES JOINT-STOCK CO. | G66: KNGO1 | H66: 504 | I66: 24 | J66: 0.041613 | K66: 2112 | L66: 45992 | M66: =COUNTIF(Sheet6!C:C,Sheet2!C66) -> 0
A67: Waste Management | B67: 117279 | C67: 173770 | D67: Frisco Large Premium Dog Training & Potty Pads, 22 x 23-in, Unscented, 300 count | E67: 3722 | F67: JIANG SU ZHONG HENG PET ARTICLES JOINT-STOCK CO. | G67: KNGO1 | H67: 250 | I67: 1 | J67: 0.0716925 | K67: 2090 | L67: 45992 | M67: =COUNTIF(Sheet6!C:C,Sheet2!C67) -> 0
A68: Toys | B68: 506190 | C68: 506202 | D68: Frisco 3-in-1 Interactive Puzzle Dog Toy, Level 2 | E68: P20837 | F68: KIDS FIRST ASIA CO LTD | G68: KNGO1 | H68: 2004 | I68: 12 | J68: 0.095744155 | K68: 2004 | L68: 45992 | M68: =COUNTIF(Sheet6!C:C,Sheet2!C68) -> 0
A69: Beds & Furniture | B69: 264640 | C69: 238151 | D69: Frisco 35-in Heavy Duty Sisal Cat Scratching Post with Toy, Dark Charcoal | E69: P19403 | F69: SHANDONG DONGYANGTAI HANDICRAFTS CO.,LTD | G69: MWILSON | H69: 50 | I69: 1 | J69: 0.037553 | K69: 870 | L69: 45992 | M69: =COUNTIF(Sheet6!C:C,Sheet2!C69) -> 0
A70: Waste Management | B70: 253975 | C70: 227460 | D70: Frisco X-Large Charcoal Dog Training & Potty Pads, 28 x 34-in, Unscented, 40 count | E70: P000486 | F70: TIANJIN YIYI HYGIENE PRODUCTS CO. LTD | G70: KNGO1 | H70: 800 | I70: 1 | J70: 0.026218918 | K70: 2735 | L70: 45992 | M70: =COUNTIF(Sheet6!C:C,Sheet2!C70) -> 0
A71: Toys | B71: 187984 | C71: 161264 | D71: Frisco Plush Kicker Cat Toy, Orange Fox | E71: 3755 | F71: HANGZHOU TIANYUAN PET PRODUCTS CO., LTD. | G71: MWILSON | H71: 1344 | I71: 96 | J71: 0.033601198 | K71: 1824 | L71: 45992 | M71: =COUNTIF(Sheet6!C:C,Sheet2!C71) -> 0
A72: Toys | B72: 193220 | C72: 166518 | D72: Frisco Scratch & Roll Scratcher Cat Toy Refills, 2 count | E72: P27093 | F72: SPORTPET DESIGNS LLC - PL | G72: KNGO1 | H72: 1224 | I72: 36 | J72: 0.129214 | K72: 6012 | L72: 45992 | M72: =COUNTIF(Sheet6!C:C,Sheet2!C72) -> 0
A73: Litter Accessories | B73: 193000 | C73: 166298 | D73: Frisco Rectangular Cat Litter Mat, Grey, Large | E73: 3722 | F73: JIANG SU ZHONG HENG PET ARTICLES JOINT-STOCK CO. | G73: KNGO1 | H73: 3000 | I73: 24 | J73: 0.098571 | K73: 4776 | L73: 45992 | M73: =COUNTIF(Sheet6!C:C,Sheet2!C73) -> 0
A74: Toys | B74: 187982 | C74: 245899 | D74: Frisco Mice Plush Cat Toy with Catnip, 5 count | E74: 3755 | F74: HANGZHOU TIANYUAN PET PRODUCTS CO., LTD. | G74: MWILSON | H74: 1584 | I74: 144 | J74: 0.043068966 | K74: 5760 | L74: 45992 | M74: =COUNTIF(Sheet6!C:C,Sheet2!C74) -> 0
A75: Toys | B75: 189551 | C75: 162847 | D75: Frisco Birthday Cupcake Plush Squeaky Dog Toy, Small/Medium | E75: P20837 | F75: KIDS FIRST ASIA CO LTD | G75: KNGO1 | H75: 1224 | I75: 36 | J75: 0.039216207 | K75: 1728 | L75: 45992 | M75: =COUNTIF(Sheet6!C:C,Sheet2!C75) -> 0
A76: Beds & Furniture | B76: 126779 | C76: 99229 | D76: Frisco Steel-Framed Elevated Dog Bed, Brown, Medium | E76: B3722 | F76: CAMBODIA JIANG SU ZHONG HENG PET ARTICLES JOINT-STOCK CO., | G76: KNGO1 | H76: 252 | I76: 6 | J76: 0.05881245 | K76: 912 | L76: 45992 | M76: =COUNTIF(Sheet6!C:C,Sheet2!C76) -> 0
A77: Waste Management | B77: 117276 | C77: 152699 | D77: Frisco Giant Premium Dog Training & Potty Pads, 27.5 x 44-in, Unscented, 50 count | E77: P000486 | F77: TIANJIN YIYI HYGIENE PRODUCTS CO. LTD | G77: KNGO1 | H77: 800 | I77: 1 | J77: 0.03445453 | K77: 2389 | L77: 45992 | M77: =COUNTIF(Sheet6!C:C,Sheet2!C77) -> 0
A78: Toys | B78: 201418 | C78: 174729 | D78: Frisco Beaver Stuffing-Free Flat Plush Squeaky Dog Toy, Medium/Large | E78: P20837 | F78: KIDS FIRST ASIA CO LTD | G78: KNGO1 | H78: 1224 | I78: 36 | J78: 0.054521502 | K78: 2808 | L78: 45992 | M78: =COUNTIF(Sheet6!C:C,Sheet2!C78) -> 0
A79: Toys | B79: 1329158 | C79: 1329166 | D79: Frisco Flamingo with Feathers Plush Kicker Cat Toy with Silvervine & Catnip | E79: 3755 | F79: HANGZHOU TIANYUAN PET PRODUCTS CO., LTD. | G79: MWILSON | H79: 1536 | I79: 48 | J79: 0.036601008 | K79: 1536 | L79: 45992 | M79: =COUNTIF(Sheet6!C:C,Sheet2!C79) -> 0
A80: Toys | B80: 201459 | C80: 174770 | D80: Frisco Dinosaur Latex Squeaky Dog Toy, Small/Medium | E80: 3755 | F80: HANGZHOU TIANYUAN PET PRODUCTS CO., LTD. | G80: MWILSON | H80: 1500 | I80: 30 | J80: 0.041459004 | K80: 1500 | L80: 45992 | M80: =COUNTIF(Sheet6!C:C,Sheet2!C80) -> 0
A81: Toys | B81: 506166 | C81: 506178 | D81: Frisco Interactive Wooden Maze Cat Toy Box with Catnip | E81: 3755 | F81: HANGZHOU TIANYUAN PET PRODUCTS CO., LTD. | G81: MWILSON | H81: 1500 | I81: 10 | J81: 0.12048858 | K81: 1500 | L81: 45992 | M81: =COUNTIF(Sheet6!C:C,Sheet2!C81) -> 0
A82: Waste Management | B82: 117279 | C82: 89562 | D82: Frisco Large Premium Dog Training & Potty Pads, 22 x 23-in, Unscented, 150 count | E82: 3722 | F82: JIANG SU ZHONG HENG PET ARTICLES JOINT-STOCK CO. | G82: KNGO1 | H82: 1500 | I82: 1 | J82: 0.03555 | K82: 1500 | L82: 45992 | M82: =COUNTIF(Sheet6!C:C,Sheet2!C82) -> 0
A83: Beds & Furniture | B83: 167085 | C83: 211404 | D83: Frisco 21-in Sisal Cat Scratching Post with Toy, Gray, 1 count | E83: 7701 | F83: TIANJIN QINGQUAN PET PRODUCTS CO. LTD | G83: MWILSON | H83: 100 | I83: 1 | J83: 0.0099001283 | K83: 3208 | L83: 45992 | M83: =COUNTIF(Sheet6!C:C,Sheet2!C83) -> 0
A84: Waste Management | B84: 162702 | C84: 135716 | D84: Frisco Refill Dog Poop Bags, Unscented, 120 count | E84: 3722 | F84: JIANG SU ZHONG HENG PET ARTICLES JOINT-STOCK CO. | G84: KNGO1 | H84: 528 | I84: 48 | J84: 0.03492675 | K84: 2208 | L84: 45992 | M84: =COUNTIF(Sheet6!C:C,Sheet2!C84) -> 0
A85: Beds & Furniture | B85: 126783 | C85: 112088 | D85: Frisco Replacement Cover for Steel-Framed Elevated Dog Bed, Gray, M: 35.7-in L x 26.3-in W, 1 count | E85: B3722 | F85: CAMBODIA JIANG SU ZHONG HENG PET ARTICLES JOINT-STOCK CO., | G85: KNGO1 | H85: 264 | I85: 24 | J85: 0.034398 | K85: 456 | L85: 45992 | M85: =COUNTIF(Sheet6!C:C,Sheet2!C85) -> 0
A86: Waste Management | B86: 176623 | C86: 149809 | D86: Frisco Disposable Male Dog Wraps, X-Small, 12 count | E86: P000486 | F86: TIANJIN YIYI HYGIENE PRODUCTS CO. LTD | G86: KNGO1 | H86: 300 | I86: 12 | J86: 0.0238855 | K86: 2232 | L86: 45992 | M86: =COUNTIF(Sheet6!C:C,Sheet2!C86) -> 0
A87: Containment & Gear | B87: 284811 | C87: 258357 | D87: Frisco Premium Quilted Water Resistant Hammock Car Seat Cover with Seatbelt Tether & Travel Bag, Black/Gray | E87: P000544 | F87: SHANGHAI SENFUL CO LTD | G87: MWILSON | H87: 300 | I87: 4 | J87: 0.0918 | K87: 380 | L87: 45992 | M87: =COUNTIF(Sheet6!C:C,Sheet2!C87) -> 0
A88: Containment & Gear | B88: 212522 | C88: 185867 | D88: Frisco Collapsible Wire Cat Cage Playpen | E88: 5223 | F88: Mundosteel International Enterprises Ltd | G88: KNGO1 | H88: 50 | I88: 1 | J88: 0.087524223 | K88: 2647 | L88: 45992 | M88: =COUNTIF(Sheet6!C:C,Sheet2!C88) -> 0
A89: Toys | B89: 173910 | C89: 245936 | D89: Frisco Duck Stuffing-Free Flat Plush Squeaky Dog Toy, Large/X-Large | E89: P20837 | F89: KIDS FIRST ASIA CO LTD | G89: KNGO1 | H89: 1248 | I89: 52 | J89: 0.086946394 | K89: 1248 | L89: 45992 | M89: =COUNTIF(Sheet6!C:C,Sheet2!C89) -> 0
A90: Toys | B90: 173888 | C90: 147047 | D90: Frisco Skunk Skinny Plush Squeaky Dog Toy, Medium/Large | E90: P20837 | F90: KIDS FIRST ASIA CO LTD | G90: KNGO1 | H90: 1225 | I90: 49 | J90: 0.059400096 | K90: 1225 | L90: 45992 | M90: =COUNTIF(Sheet6!C:C,Sheet2!C90) -> 0
A91: Toys | B91: 173924 | C91: 147084 | D91: Frisco Gorilla Muscle Plush Squeaky Dog Toy, Medium/Large | E91: P20837 | F91: KIDS FIRST ASIA CO LTD | G91: KNGO1 | H91: 1224 | I91: 36 | J91: 0.086946676 | K91: 1224 | L91: 45992 | M91: =COUNTIF(Sheet6!C:C,Sheet2!C91) -> 0
A92: Waste Management | B92: 253990 | C92: 227474 | D92: Frisco Training Pad Holder, 24-in x 24-in | E92: 3722 | F92: JIANG SU ZHONG HENG PET ARTICLES JOINT-STOCK CO. | G92: KNGO1 | H92: 104 | I92: 8 | J92: 0.153216 | K92: 1208 | L92: 45992 | M92: =COUNTIF(Sheet6!C:C,Sheet2!C92) -> 0
A93: Toys | B93: 193063 | C93: 166361 | D93: Frisco Sparkle Fish Plush Cat Toy with Catnip, 2 count | E93: P20837 | F93: KIDS FIRST ASIA CO LTD | G93: KNGO1 | H93: 1200 | I93: 120 | J93: 0.021942604 | K93: 1200 | L93: 45992 | M93: =COUNTIF(Sheet6!C:C,Sheet2!C93) -> 0
A94: Bowls & Feeders | B94: 389612 | C94: 363395 | D94: Frisco Silicone Dog & Cat Lick Mat, Pink, Pink | E94: P18545 | F94: SUPER DESIGN MANUFACTURE CO ., LTD ZHUHAI | G94: MWILSON | H94: 528 | I94: 48 | J94: 0.02660625 | K94: 2112 | L94: 45992 | M94: =COUNTIF(Sheet6!C:C,Sheet2!C94) -> 0
A95: Toys | B95: 201434 | C95: 174745 | D95: Frisco Giraffe Wagazoo Plush Squeaky Dog Toy, X-Large | E95: P20837 | F95: KIDS FIRST ASIA CO LTD | G95: KNGO1 | H95: 1200 | I95: 12 | J95: 0.11160018 | K95: 1200 | L95: 45992 | M95: =COUNTIF(Sheet6!C:C,Sheet2!C95) -> 0
A96: Toys | B96: 201444 | C96: 174755 | D96: Frisco Chicken Coop Hide & Seek Puzzle Plush Squeaky Dog Toy, Small/Medium | E96: P20837 | F96: KIDS FIRST ASIA CO LTD | G96: KNGO1 | H96: 1200 | I96: 12 | J96: 0.079200128 | K96: 1200 | L96: 45992 | M96: =COUNTIF(Sheet6!C:C,Sheet2!C96) -> 0
A97: Waste Management | B97: 253996 | C97: 227480 | D97: Frisco Spring Action Foldable Scooper, Large | E97: 3722 | F97: JIANG SU ZHONG HENG PET ARTICLES JOINT-STOCK CO. | G97: KNGO1 | H97: 102 | I97: 6 | J97: 0.065275 | K97: 1140 | L97: 45992 | M97: =COUNTIF(Sheet6!C:C,Sheet2!C97) -> 0
A98: Beds & Furniture | B98: 126779 | C98: 112066 | D98: Frisco Steel-Framed Elevated Dog Bed, Terracotta, Small | E98: B3722 | F98: CAMBODIA JIANG SU ZHONG HENG PET ARTICLES JOINT-STOCK CO., | G98: KNGO1 | H98: 252 | I98: 6 | J98: 0.04983345 | K98: 432 | L98: 45992 | M98: =COUNTIF(Sheet6!C:C,Sheet2!C98) -> 0
A99: Beds & Furniture | B99: 236723 | C99: 230720 | D99: Frisco Long Faux Fur Donut Cat & Dog Bed, Smoky Gray, Medium | E99: B000064 | F99: PM&J LLC - DIRECT IMPORT | G99: KNGO1 | H99: 256 | I99: 8 | J99: 0.47812732 | K99: 1128 | L99: 45992 | M99: =COUNTIF(Sheet6!C:C,Sheet2!C99) -> 0
A100: Waste Management | B100: 253969 | C100: 309839 | D100: Frisco Giant Ultra Premium Non-Skid Dog Training & Potty Pads, 27.5 x 44-in, Scented, 50 count | E100: 3722 | F100: JIANG SU ZHONG HENG PET ARTICLES JOINT-STOCK CO. | G100: KNGO1 | H100: 250 | I100: 1 | J100: 0.04491125 | K100: 2020 | L100: 45992 | M100: =COUNTIF(Sheet6!C:C,Sheet2!C100) -> 0
...

Sheet Sheet3
A1: Toys | B1: 343211 | C1: 316929 | D1: Frisco Realistic Opossum Plush Squeaky Dog Toy, Medium/Large | E1: P18936 | F1: PETPARTY PRODUCTS CO., LTD | G1: MWILSON | H1: 1512 | I1: 36 | J1: 0.07308 | K1: 7380 | L1: 45992 | M1: =COUNTIF(Sheet6!C:C,Sheet3!C1) -> 0

Sheet Sheet6
A1: 89539 | B1: 252045 | C1: Disco | F1: Code | G1: vendor_name | H1: vendor_purchaser_code
A2: 89538 | B2: 252043 | C2: 1000089185 | F2: P27093 | G2: SPORTPET DESIGNS LLC - PL | H2: KNGO1
A3: 316929 | B3: 739686 | C3: 1000089179 | F3: P20837 | G3: KIDS FIRST ASIA CO LTD | H3: KNGO1
A4: 98763 | B4: 1054942 | C4: 1000089173 | F4: P18545 | G4: SUPER DESIGN MANUFACTURE CO ., LTD ZHUHAI | H4: MWILSON
A5: 148195 | B5: 1054950 | C5: 1000089167 | F5: P000486 | G5: TIANJIN YIYI HYGIENE PRODUCTS CO. LTD | H5: KNGO1
A6: 148196 | B6: 1054966 | C6: 1000089155 | F6: B3722 | G6: CAMBODIA JIANG SU ZHONG HENG PET ARTICLES JOINT-STOCK CO., | H6: KNGO1
A7: 156782 | B7: 1054974 | C7: 1000089143 | F7: 3722 | G7: CAMBODIA JIANG SU ZHONG HENG PET ARTICLES JOINT-STOCK CO., | H7: KNGO1
A8: 236547 | B8: 1054982 | C8: 1000089137 | F8: 3722 | G8: JIANG SU ZHONG HENG PET ARTICLES JOINT-STOCK CO. | H8: KNGO1
A9: 214369 | B9: 1055086 | C9: 1000089131 | F9: 3755 | G9: HANGZHOU TIANYUAN PET PRODUCTS CO., LTD. | H9: MWILSON
A10: 252557 | B10: 1055214 | C10: 1000089125 | F10: P000579 | G10: GO FETCH, LLC | H10: MWILSON
A11: 221968 | B11: 1055254 | C11: 1000089119 | F11: B3722 | G11: JIANG SU ZHONG HENG PET ARTICLES JOINT-STOCK CO. | H11: KNGO1
A12: 232097 | B12: 1055262 | C12: 1000089113 | F12: 7701 | G12: TIANJIN QINGQUAN PET PRODUCTS CO. LTD | H12: MWILSON
A13: 236541 | B13: 1055270 | C13: 1000089107 | F13: P26130 | G13: CAITEC INC - PL | H13: MWILSON
A14: 250607 | B14: 1055278 | C14: 1000089059 | F14: P18120 | G14: NINGBO KONY METAL PRODUCTS CO LTD | H14: MWILSON
A15: 353469 | B15: 1055294 | C15: 1000089053 | F15: P19403 | G15: SHANDONG DONGYANGTAI HANDICRAFTS CO.,LTD | H15: MWILSON
A16: 986910 | B16: 1055302 | C16: 1000089035 | F16: P000544 | G16: SHANGHAI SENFUL CO LTD | H16: MWILSON
A17: 1358014 | B17: 1055614 | C17: 1000089029 | F17: 5223 | G17: Mundosteel International Enterprises Ltd | H17: KNGO1
A18: 1445006 | B18: 1055622 | C18: 1000089017 | F18: B000064 | G18: PM&J LLC - DIRECT IMPORT | H18: KNGO1
A19: 1475206 | B19: 1055638 | C19: 1000089011 | F19: P19684 | G19: BENCHMARK HOME PRODUCTS(H.K.). LIMITED | H19: MWILSON
A20: 1475214 | B20: 1055646 | C20: 1000089005 | F20: B3722 | G20: Cambodia JIANG SU ZHONG HENG PET ARTICLES JOINT-STOCK CO. | H20: KNGO1
A21: 1475190 | B21: 1055654 | C21: 1256870 | F21: P18360 | G21: PETENGREAT CO LTD | H21: KNGO1
A22: 1475198 | B22: 1328942 | C22: 1096934 | F22: P24388 | G22: BEST RUN TECHNOLOGY CO LTD - PL | H22: MWILSON
A23: 312064 | B23: 152838 | C23: 1096926 | F23: P19360 | G23: FORTUNATE PTE. LTD. | H23: MWILSON
A24: 312070 | B24: 152840 | C24: 1096902 | F24: B000164 | G24: PM&J LLC | H24: KNGO1
A25: 608878 | B25: 152844 | C25: 1096894 | F25: B000035 | G25: COASTAL PET PRODUCTS, INC. - PRIVATE LABEL CHINA | H25: MWILSON
A26: 876246 | B26: 152848 | C26: 1096886 | F26: P000398 | G26: TANGSHAN KANGBEI PET PRODUCTS CO. LTD | H26: MWILSON
A27: 876366 | B27: 154412 | C27: 1096878 | F27: B3755 | G27: HANGZHOU TIANYUAN PET PRODUCTS CO., LTD | H27: MWILSON
A28: 876270 | B28: 154413 | C28: 1096870 | F28: B3755 | G28: HANGZHOU TIANYUAN PET PRODUCTS CO., LTD.(Cambodia) | H28: MWILSON
A29: 876238 | B29: 174774 | C29: 1096862 | F29: P000161 | G29: PM&J LLC | H29: KNGO1
... A34: 876406 | B34: 247980 | C34: 1096734 | F34: P20858 | G34: MILES HOME PRODUCTS CO LTD | H34: KNGO1
A35: 874206 | B35: 247981 | C35: 1086246
A36: 1329294 | B36: 247977 | C36: 1086222
A37: 1329278 | B37: 247978 | C37: 1086134
A38: 1330334 | B38: 714406 | C38: 1086110
A39: 1330350 | B39: 363848 | C39: 1072294
A40: 1330318 | B40: 1093822 | C40: 1072286
A41: 1330566 | B41: 708990 | C41: 1072086
A42: 876006 | B42: 215566 | C42: 1072078
A43: 1329270 | B43: 268132 | C43: 1072070
A44: 1330558 | B44: 706854 | C44: 1071974
A45: 353982 | B45: 312067 | C45: 1071966
A46: 353985 | B46: 876422 | C46: 1071958
... A73: 1048974 | B73: 708974 | C73: 1071158
B74: 875182 | C74: 1071150
B75: 876678 | C75: 1071142
B76: 358314 | C76: 1071134
B77: 876382 | C77: 1071118
B78: 708926 | C78: 1071102
B79: 706734 | C79: 1071094
B80: 268513 | C80: 1071086
B81: 1049070 | C81: 1071078
B82: 719046 | C82: 1071070
B83: 215661 | C83: 1071062
B84: 706846 | C84: 1071054
B85: 215658 | C85: 1071046
... B1628: 297551 | C1628: 1000089167
B1629: 220305
B1630: 270545 | C1630: 1000089143
B1631: 311870 | C1631: 1000089137
B1632: 220568 | C1632: 1000089131
B1633: 270543 | C1633: 1000089125
B1634: 297553 | C1634: 1000089119
B1635: 220689 | C1635: 1000089113
B1636: 311873 | C1636: 1000089107
B1637: 328757 | C1637: 1000089059
B1638: 297555 | C1638: 1000089053
B1639: 221027
B1640: 220306
B1641: 311879
B1642: 291444
B1643: 358449
B1644: 311922 | C1644: 1807022
B1645: 297552 | C1645: 1806894
B1646: 220599 | C1646: 1806630
B1647: 311913 | C1647: 1256870
B1648: 354053 | C1648: 1096934
B1649: 270575 | C1649: 1096926
B1650: 220605 | C1650: 1096902
B1651: 220302 | C1651: 1096894
B1652: 328761 | C1652: 1096886
B1653: 334733 | C1653: 1096878
B1654: 221071 | C1654: 1096870
B1655: 264689 | C1655: 1096862
... B1661: 280597 | C1661: 1086246
B1662: 267882
B1663: 280578 | C1663: 1086134
B1664: 230755 | C1664: 1086110
B1665: 264597 | C1665: 1072294
B1666: 272893 | C1666: 1072286
B1667: 358397 | C1667: 1072086
B1668: 220791 | C1668: 1072078
B1669: 354024 | C1669: 1072070
B1670: 358453 | C1670: 1071974
B1671: 297561 | C1671: 1071966
B1672: 311887 | C1672: 1071958
B1673: 1000089185 | C1673: 1071942
B1674: 1000089179 | C1674: 1071934
... B1856: 341984 | C1856: 876118
B1857: 315106
B1858: 315062 | C1858: 876102
...

Sheet Sheet1
A1: Code | B1: vendor_name
A2: 3722 | B2: JIANG SU ZHONG HENG PET ARTICLES JOINT-STOCK CO. | C2: SENT | D2: Placed
A3: B3722 | B3: JIANG SU ZHONG HENG PET ARTICLES JOINT-STOCK CO. | C3: SENT | D3: Placed
A4: P000486 | B4: TIANJIN YIYI HYGIENE PRODUCTS CO. LTD | C4: SENt | D4: Placed
A5: P20837 | B5: KIDS FIRST ASIA CO LTD | C5: SENT | D5: Placed
A6: P25855 | B6: TECHLINK PETS INTERNATIONAL LIMITED
A7: P27093 | B7: SPORTPET DESIGNS LLC - PL | C7: SENt | D7: Waiting
J12: RS41722391 | K12: =_xlfn.TEXTJOIN(",",TRUE,J12:J19) -> RS41722391,RS41722393,RS41722394,RS41722395,RS41722405,RS41722406,RS41722408,RS41722410
J13: RS41722393
J14: RS41722394
J15: RS41722395
J16: RS41722405
J17: RS41722406
J18: RS41722408
J19: RS41722410

Sheet TOADD
A1: Toys | B1: Chew Toys | C1: Dog | D1: Toys | E1: Toys | F1: 1816134 | G1: 1816142 | H1: Frisco Chocolate Dipped Strawberry Rubber Chew Dog Toy for Extreme Chewers, Small/Medium | K1: #N/A | N1: =_xlfn.TEXTJOIN(",",TRUE,G1:G12) -> 1816142,1816150,1816190,1816270,1816222,1816238,1816246,1816166,1816174,1816214,1816198,1816262
A2: Toys | B2: Chew Toys | C2: Dog | D2: Toys | E2: Toys | F2: 1816134 | G2: 1816150 | H2: Frisco Chocolate Dipped Strawberry Rubber Chew Dog Toy for Extreme Chewers, Large/X-Large | K2: #N/A
A3: Toys | B3: Chew Toys | C3: Dog | D3: Toys | E3: Toys | F3: 1816182 | G3: 1816190 | H3: Frisco Ice Cream Cone Rubber Chew Dog Toy for Heavy Chewers, Small/Medium | K3: #N/A
A4: Toys | B4: Chew Toys | C4: Dog | D4: Toys | E4: Toys | F4: 1816254 | G4: 1816270 | H4: Frisco Red Panda Rubber Chew Dog Toy for Heavy Chewers, Large/X-Large | K4: #N/A
A5: Toys | B5: Chew Toys | C5: Dog | D5: Toys | E5: Toys | F5: 1816206 | G5: 1816222 | H5: Frisco Axolotl Rubber Chew Dog Toy for Heavy Chewers, Large/X-Large | K5: #N/A
A6: Toys | B6: Chew Toys | C6: Dog | D6: Toys | E6: Toys | F6: 1816230 | G6: 1816238 | H6: Frisco Capybara Rubber Chew Dog Toy for Extreme Chewers, Small/Medium | K6: #N/A
A7: Toys | B7: Chew Toys | C7: Dog | D7: Toys | E7: Toys | F7: 1816230 | G7: 1816246 | H7: Frisco Capybara Rubber Chew Dog Toy for Extreme Chewers, Large/X-Large | K7: #N/A
A8: Toys | B8: Chew Toys | C8: Dog | D8: Toys | E8: Toys | F8: 1816158 | G8: 1816166 | H8: Frisco Sandwich Cookie Rubber Chew Dog Toy for Heavy Chewers, Small/Medium | K8: #N/A
A9: Toys | B9: Chew Toys | C9: Dog | D9: Toys | E9: Toys | F9: 1816158 | G9: 1816174 | H9: Frisco Sandwich Cookie Rubber Chew Dog Toy for Heavy Chewers, Large/X-Large | K9: #N/A
A10: Toys | B10: Chew Toys | C10: Dog | D10: Toys | E10: Toys | F10: 1816206 | G10: 1816214 | H10: Frisco Axolotl Rubber Chew Dog Toy for Heavy Chewers, Small/Medium | K10: #N/A
A11: Toys | B11: Chew Toys | C11: Dog | D11: Toys | E11: Toys | F11: 1816182 | G11: 1816198 | H11: Frisco Ice Cream Cone Rubber Chew Dog Toy for Heavy Chewers, Large/X-Large | K11: #N/A
A12: Toys | B12: Chew Toys | C12: Dog | D12: Toys | E12: Toys | F12: 1816254 | G12: 1816262 | H12: Frisco Red Panda Rubber Chew Dog Toy for Heavy Chewers, Small/Medium | K12: #N/A
